1779,江戸川 乱歩,57227,かいじん二十めんそう
1779,江戸川 乱歩,57105,赤いカブトムシ
1475,小川 未明,51496,青い玉と銀色のふえ
1475,小川 未明,51654,花かごとたいこ
1475,小川 未明,51652,はつゆめ
1475,小川 未明,51590,しろくまの　子
1475,小川 未明,51726,マルは　しあわせ
1475,小川 未明,51688,みけの　ごうがいやさん
1475,小川 未明,52066,正ちゃんとおかいこ
121,新美 南吉,43392,ウマヤノ　ソバノ　ナタネ
1475,小川 未明,51115,赤い鳥
1779,江戸川 乱歩,57165,まほうやしき
1779,江戸川 乱歩,57226,かいじん二十めんそう
1471,今野 大力,55551,立すくむ
1475,小川 未明,51578,しゃしんやさん 
1475,小川 未明,51575,三人と　二つの　りんご
1180,沖野 岩三郎,45178,源八栗
1475,小川 未明,51539,お月さまと　ぞう
1092,グリム ヴィルヘルム・カール,59636,ならずもの
1475,小川 未明,52049,片目のごあいさつ
121,新美 南吉,43404,ナガレボシ
121,新美 南吉,43399,センセイノ　コ
121,新美 南吉,43398,サルト　サムライ
121,新美 南吉,43395,カタツムリノ　ウタ
121,新美 南吉,43394,カゴカキ
121,新美 南吉,43396,カナヅチ
1475,小川 未明,51651,はたらく二少年
1475,小川 未明,52080,つじうら売りのおばあさん
1475,小川 未明,51666,ひばりのおじさん
1475,小川 未明,51528,秋が　きました
1475,小川 未明,51562,こがらしの　ふく　ばん
1475,小川 未明,51512,おっぱい
1475,小川 未明,51662,引かれていく牛
1475,小川 未明,51620,つめたい　メロン
1475,小川 未明,51518,風七題
1475,小川 未明,51499,新しい町
1475,小川 未明,52114,村のかじやさん
1475,小川 未明,51659,春さきの朝のこと
1475,小川 未明,52079,ちょうせんぶなと美しい小箱
1180,沖野 岩三郎,45174,ばべるの塔
107,鈴木 三重吉,18332,岡の家
1475,小川 未明,52123,ボールの行方
1763,佐藤 春夫,58565,「の」の字の世界
121,新美 南吉,56141,名なし指物語
1475,小川 未明,51564,心は大空を泳ぐ
81,宮沢 賢治,51156,いちょうの実
1154,岸田 国士,44333,「文壇波動調」欄記事
1475,小川 未明,51497,青葉の下
1475,小川 未明,51691,緑色の時計
121,新美 南吉,43406,ヒロツタ　ラツパ
1475,小川 未明,52102,花とあかり
1475,小川 未明,51121,にじの歌
121,新美 南吉,43405,ヌスビトト　コヒツヂ
1475,小川 未明,52048,お面とりんご
1471,今野 大力,55539,今日もまた
1471,今野 大力,55562,泣きながら眠った子
1471,今野 大力,55546,祈願
1475,小川 未明,52056,きれいなきれいな町
1471,今野 大力,55569,夕べの曲
106,北原 白秋,55756,風見
1471,今野 大力,55540,こころ
121,新美 南吉,45213,かぶと虫
1475,小川 未明,51676,僕の通るみち
1475,小川 未明,51725,ペスときょうだい
1475,小川 未明,51631,どこかで呼ぶような
1475,小川 未明,52103,母犬
1475,小川 未明,51601,托児所のある村
1475,小川 未明,52101,はちの巣
1471,今野 大力,55596,楽しい会合
1475,小川 未明,51522,川へふなをにがす
1471,今野 大力,55513,ある時
1154,岸田 国士,44407,せりふ
311,宮本 百合子,15957,私の本年の希望と計画
1475,小川 未明,51618,つづれさせ
1475,小川 未明,51585,白壁のうち
1471,今野 大力,55567,有髪の僧
1475,小川 未明,51516,かざぐるま
1475,小川 未明,51747,こいのぼりと鶏
1475,小川 未明,51104,子もりうた
1471,今野 大力,55550,少女受胎
1475,小川 未明,51600,高い木とからす
83,菊池 寛,43123,アラビヤンナイト
1475,小川 未明,51748,チューリップの芽
1475,小川 未明,51509,お母さん
121,新美 南吉,43400,タケノコ
121,新美 南吉,43407,フルイ　バシヤ
121,新美 南吉,43391,ウグヒスブエヲ　フケバ
1475,小川 未明,51118,鈴が鳴る
1154,岸田 国士,44901,北軽井沢にて
1475,小川 未明,51116,海と太陽
1475,小川 未明,51105,お星さま
121,新美 南吉,43409,ラツパ
121,新美 南吉,43408,ミチコサン
121,新美 南吉,43403,デンデンムシノ　カナシミ
121,新美 南吉,43402,デンデンムシ
1475,小川 未明,51107,三か月
1471,今野 大力,55541,醜面女人
1471,今野 大力,55558,音響
121,新美 南吉,1753,うた時計
121,新美 南吉,636,正坊とクロ
1475,小川 未明,52108,古いてさげかご
1475,小川 未明,51597,空にわく金色の雲
19,アンデルセン ハンス・クリスチャン,59323,コウノトリ
1475,小川 未明,51689,水七景
1475,小川 未明,51721,アパートで聞いた話
107,鈴木 三重吉,45193,かたつむり
106,北原 白秋,55773,「雪と花火」献辞
1475,小川 未明,51749,お母さんのお乳
1471,今野 大力,55575,路は果して何れ
121,新美 南吉,631,川
1471,今野 大力,55519,麦やきの日
1471,今野 大力,55576,イシカリの川
1471,今野 大力,55533,秋吹く風
1471,今野 大力,55555,ある夜、ある宵
1475,小川 未明,52039,田舎のお母さん
1471,今野 大力,55552,姉へ
1475,小川 未明,51750,どじょうと金魚
1475,小川 未明,52112,僕は兄さんだ
1475,小川 未明,51579,写生に出かけた少年
1475,小川 未明,52093,年ちゃんとハーモニカ
106,北原 白秋,55769,夏
1891,矢崎 源九郎,58051,「ニールスのふしぎな旅　下」まえがき
1475,小川 未明,52044,お母さんはえらいな
1475,小川 未明,52100,ねことおしるこ
121,新美 南吉,634,久助君の話
1475,小川 未明,51558,煙と兄弟
1475,小川 未明,51513,お姉ちゃんといわれて
1475,小川 未明,51663,ひすいの玉
1475,小川 未明,51664,ひとをたのまず
1471,今野 大力,55587,徒弟
1172,村山 籌子,44988,オ寝坊ナ　ジヤガイモサン
1475,小川 未明,51627,時計と窓の話
1475,小川 未明,51520,かたい大きな手
1475,小川 未明,51106,あかい雲
1475,小川 未明,51122,風ふき鳥
311,宮本 百合子,15998,気になったこと
1475,小川 未明,52116,もののいえないもの
1475,小川 未明,51500,兄と魚
1475,小川 未明,51511,おかまの唄
67,萩原 朔太郎,56575,愛の詩集
1475,小川 未明,52097,夏の晩方あった話
106,北原 白秋,55758,蟇
26,中原 中也,55929,（テンピにかけて）
293,原 民喜,43538,うぐいす
1475,小川 未明,51503,ある夜の姉と弟
1475,小川 未明,51112,童謡
1475,小川 未明,51682,窓の内と外
1475,小川 未明,51593,すずめを打つ
106,北原 白秋,55766,影
1172,村山 籌子,44940,ユキ　ノ　トンネル
26,中原 中也,55916,（酒）
1471,今野 大力,55580,宵の星
26,中原 中也,51309,いちじくの葉
1172,村山 籌子,44997,スナマンヂウ
121,新美 南吉,43479,タレノ　カゲ
121,新美 南吉,43478,ゲタニ　バケル
121,新美 南吉,56140,丘の銅像
26,中原 中也,55907,タバコとマントの恋
1471,今野 大力,55543,自然教徒
26,中原 中也,55909,（あなたが生れたその日に）
26,中原 中也,55922,（不随意筋のケンクワ）
291,林 芙美子,56871,ふしぎな岩
1172,村山 籌子,45002,ウミベノマヒゴ
1095,坂口 安吾,43160,単独犯行に非ず
34,内村 鑑三,1215,寒中の木の芽
1168,高村 光太郎,43784,山の雪
136,山村 暮鳥,45039,昔語り
1172,村山 籌子,44959,あひるさん　の　かみのけ
1172,村山 籌子,44974,耳長さん　と　あひるさん
1471,今野 大力,55584,北海の夜
1475,小川 未明,52042,海のおばあさん
1092,グリム ヴィルヘルム・カール,59404,小人のくつ屋さん
26,中原 中也,51332,坊や
1172,村山 籌子,44949,犬さんと、くもさんと、かへるさん
1475,小川 未明,51523,考えこじき
1475,小川 未明,51619,つばめと魚
1475,小川 未明,52060,子うぐいすと母うぐいす
1092,グリム ヴィルヘルム・カール,59499,ネコとネズミのいっしょのくらし
1154,岸田 国士,44847,『現代短歌大系』のために
1403,北大路 魯山人,50009,料理の第一歩
1471,今野 大力,55574,父母達の家
1475,小川 未明,51614,中学へ上がった日
26,中原 中也,51315,酒場にて
1475,小川 未明,51609,だれにも話さなかったこと
1475,小川 未明,52072,西洋だこと六角だこ
1589,落合 ユキ子,44985,カハイイ　山羊サン
329,楠山 正雄,18378,舌切りすずめ
1154,岸田 国士,44702,戦争指導者
1666,漢那 浪笛,1316,かの日の歌【三】
1666,漢那 浪笛,1402,心
1475,小川 未明,51701,山に雪光る
1475,小川 未明,51525,きつねをおがんだ人たち
1475,小川 未明,51690,道の上で見た話
121,新美 南吉,45212,いぼ
1475,小川 未明,51508,海へ帰るおじさん
1475,小川 未明,51722,クラリネットを吹く男
1475,小川 未明,51656,母の心
19,アンデルセン ハンス・クリスチャン,59324,ブタ飼い
1475,小川 未明,52041,海と少年
1471,今野 大力,55563,白光礼讃
293,原 民喜,43530,気絶人形
154,田中 貢太郎,45597,長崎の電話
42,寺田 寅彦,43534,PROFESSOR TAKEMATU OKADA
1475,小川 未明,51607,たましいは生きている
1475,小川 未明,52046,おさらい帳
1092,グリム ヴィルヘルム・カール,59742,いさましい　ちびの仕立屋さん
1891,矢崎 源九郎,58050,「ニールスのふしぎな旅　上」まえがき
1475,小川 未明,52109,古いはさみ
1475,小川 未明,50988,つばめの話
1471,今野 大力,55566,義男さん
19,アンデルセン ハンス・クリスチャン,59321,いたずらっ子
1637,中野 鈴子,58798,歓喜
2051,松本 竣介,59538,天に続く道
1172,村山 籌子,44948,十五夜のお月様
1475,小川 未明,52111,僕たちは愛するけれど
1471,今野 大力,55537,幸福を
1154,岸田 国士,44398,練習曲
1475,小川 未明,51580,宿題
1475,小川 未明,51071,海ほおずき
1475,小川 未明,51117,月が出る
1475,小川 未明,52035,赤い実
1475,小川 未明,51100,水盤の王さま
329,楠山 正雄,18388,長い名
1761,小津 安二郎,55949,ここが楢山
1346,片山 広子,49517,コーヒー五千円
311,宮本 百合子,15988,平和を保つため
311,宮本 百合子,15999,戦争・平和・曲学阿世
1154,岸田 国士,44669,ジーブルグ著「神はフランスにゐるか」
1475,小川 未明,51114,お母さん
1475,小川 未明,51551,金色のボタン
1475,小川 未明,51581,正二くんの時計
169,大杉 栄,56696,僕は精神が好きだ
1475,小川 未明,52099,ねこ
311,宮本 百合子,15960,四時の変化と関りのない書斎
1471,今野 大力,55571,写真（北満の土産）その二
1475,小川 未明,51612,小さなねじ
1095,坂口 安吾,49949,安吾新日本風土記
908,坂本 竜馬,52150,俚謡一
311,宮本 百合子,15989,東宝争議について
1475,小川 未明,52077,小さな年ちゃん
1475,小川 未明,52064,さびしいお母さん
1589,落合 ユキ子,44986,ミミヅクサン
678,富永 太郎,55465,AU RIMBAUD
1154,岸田 国士,44825,生活から学ぶ
1475,小川 未明,52063,子供の床屋
26,中原 中也,55915,（酒は誰でも酔はす）
1471,今野 大力,55561,写真（北満の土産）その一
19,アンデルセン ハンス・クリスチャン,59373,お墓の中の坊や
1475,小川 未明,51630,鳥鳴く朝のちい子ちゃん
1403,北大路 魯山人,50016,カンナとオンナ
107,鈴木 三重吉,1528,湖水の女
121,新美 南吉,633,張紅倫
1475,小川 未明,51110,管笛
1475,小川 未明,51124,海
906,豊島 与志雄,45063,太一の靴は世界一
1475,小川 未明,51094,星と柱を数えたら
26,中原 中也,55918,（天才が一度恋をすると）
1475,小川 未明,52040,犬と古洋傘
26,中原 中也,55707,感想
26,中原 中也,55900,想像力の悲歌
107,鈴木 三重吉,45182,ぽつぽのお手帳
1475,小川 未明,52115,もずとすぎの木
1475,小川 未明,51650,羽衣物語
1475,小川 未明,51710,雪消え近く
1475,小川 未明,52118,ゆずの話
1475,小川 未明,51665,日の当たる門
1666,漢那 浪笛,2038,つかれ
1338,羽仁 もと子,48660,今、生まれしみどり児
1471,今野 大力,55515,街の乞食
1172,村山 籌子,44994,にはとり　は　みんな　しあわせ
1475,小川 未明,52078,父親と自転車
1155,チェーホフ アントン,45195,てがみ
1475,小川 未明,51668,風船虫
1154,岸田 国士,44874,「時・処・人」まへがき
1475,小川 未明,52054,気にいらない鉛筆
1475,小川 未明,52067,少年と秋の日
1475,小川 未明,51716,夢のような昼と晩
1471,今野 大力,55585,聖の行くべき道
1471,今野 大力,55590,光よあれ
83,菊池 寛,43122,アラビヤンナイト
1475,小川 未明,52094,隣村の子
1172,村山 籌子,44950,アヒルサン　ト　オネコサン
136,山村 暮鳥,45038,雪
1471,今野 大力,55544,豌豆畑
1471,今野 大力,55586,瘋癲病舎
329,楠山 正雄,18335,ねずみの嫁入り
1092,グリム ヴィルヘルム・カール,59743,三枚のヘビの葉
1471,今野 大力,55578,友と二人の夜
1172,村山 籌子,44993,お鍋　と　おやかん　と　フライパン　の　けんくわ
1471,今野 大力,55516,夢と幻を見る家
678,富永 太郎,55499,ランボオへ
311,宮本 百合子,15985,“生れた権利”をうばうな
311,宮本 百合子,15986,私は何を読むか
908,坂本 竜馬,51960,手紙
908,坂本 竜馬,51857,手紙
908,坂本 竜馬,51784,手紙
1154,岸田 国士,44841,十五年
1154,岸田 国士,44856,近況
311,宮本 百合子,15983,生きるための恋愛
1471,今野 大力,55583,街の子等
1154,岸田 国士,44384,「文壇波動調」欄記事
19,アンデルセン ハンス・クリスチャン,59372,家じゅうの人たちの言ったこと
1990,芥川 紗織,59016,現代作家は古典をどうみるか
1403,北大路 魯山人,49977,材料か料理か
1092,グリム ヴィルヘルム・カール,59522,マリアの子ども
1349,武田 祐吉,51730,古事記
106,北原 白秋,55770,光ノミ
26,中原 中也,55911,（過程に興味が存するばかりです）
1154,岸田 国士,44821,棄権
26,中原 中也,55914,（汽車が聞える）
305,正岡 子規,50402,酒
311,宮本 百合子,15992,批評は解放の組織者である
1172,村山 籌子,44999,オホサウヂ
1172,村山 籌子,44931,一人　二人
1154,岸田 国士,44860,もうひと息
1154,岸田 国士,44876,「花問答」後記
26,中原 中也,55927,（最も純粋に意地悪い奴）
1475,小川 未明,52059,黒いちょうとお母さん
1475,小川 未明,51526,木の上と下の話
1821,蔵原 伸二郎,56981,自序にかえて
1475,小川 未明,51754,ある少年の正月の日記
1475,小川 未明,50999,金の輪
1475,小川 未明,51592,すずめの巣
1475,小川 未明,52036,朝の公園
1180,沖野 岩三郎,45173,にらめつくらの鬼瓦
1154,岸田 国士,44628,母親の心理学
1475,小川 未明,51015,町のお姫さま
26,中原 中也,51316,古代土器の印象
1154,岸田 国士,44701,新しい芝居
1475,小川 未明,52121,笑わなかった少年
1475,小川 未明,51103,村の兄弟
1475,小川 未明,51123,冬の木立
1726,長谷川 伸,56602,母
1475,小川 未明,51021,ものぐさじじいの来世
293,原 民喜,43539,二つの頭
311,宮本 百合子,15977,『進み行く娘達へ』に寄せて
1475,小川 未明,52038,いちょうの葉
1637,中野 鈴子,59057,ふしあわせ者のうた
1166,中井 正一,43724,生まれ変った赤坂離宮
1475,小川 未明,52110,僕がかわいがるから
26,中原 中也,55902,初恋
1172,村山 籌子,44991,きりぎりす　の　かひもの
26,中原 中也,55906,迷つてゐます
81,宮沢 賢治,1949,ツェねずみ
1475,小川 未明,52058,草を分けて
107,鈴木 三重吉,18375,やどなし犬
1889,山中 峯太郎,58030,小指一本の大試合
1092,グリム ヴィルヘルム・カール,59520,忠義者のヨハネス
1155,チェーホフ アントン,45196,子守つ子
1861,河井 酔茗,57431,ゆづり葉
1471,今野 大力,55595,土
1666,漢那 浪笛,1497,盃
136,山村 暮鳥,45041,春
121,新美 南吉,45097,ごろぜみ
1471,今野 大力,55560,三月の自然
1172,村山 籌子,44983,川の中へおつこちたお猫さん
1172,村山 籌子,44941,オヤカン　ト　オナベ　ト　フライパン　ノ　ケンクワ
1475,小川 未明,52068,真吉とお母さん
1475,小川 未明,51006,王さまの感心された話
1471,今野 大力,55556,海の誘惑
25,有島 武郎,56501,かたわ者
26,中原 中也,50255,Me Voilà
1475,小川 未明,51048,二つの運命
107,鈴木 三重吉,45187,小犬
1172,村山 籌子,44943,たまごとおつきさま
1475,小川 未明,52070,真坊と和尚さま
1475,小川 未明,51695,芽は伸びる
311,宮本 百合子,15964,書斎の条件
1475,小川 未明,52051,からすとかがし
26,中原 中也,51318,詩人は辛い
76,岡本 かの子,4543,山茶花
1154,岸田 国士,44440,女性風俗時評
1154,岸田 国士,44434,希望
1475,小川 未明,51119,あんずの花
311,宮本 百合子,15996,「広場」について
311,宮本 百合子,15997,はしがき（『十二年の手紙』その一）
121,新美 南吉,43410,驢馬の　びっこ
1154,岸田 国士,44630,画期的な企て
1475,小川 未明,50976,海の少年
329,楠山 正雄,18379,くらげのお使い
26,中原 中也,51334,コキューの憶ひ出
26,中原 中也,51326,夏と私
1471,今野 大力,55582,猛炎
26,中原 中也,51324,疲れやつれた美しい顔
1475,小川 未明,51101,青い花の香り
1095,坂口 安吾,43191,「街はふるさと」作者の言葉
908,坂本 竜馬,51938,手紙
1960,ミルン アラン・アレクザンダー,58821,ぼくら　ふたり
1154,岸田 国士,44747,文学座『夢を喰ふ女』を演出して
311,宮本 百合子,15973,ゆがめられた純情
1471,今野 大力,55518,娘
1154,岸田 国士,44675,「国語文化講座」監修者の言葉
2085,間所 紗織,59723,“青い顔”
1154,岸田 国士,44883,「演劇美の本質」はしがき
1403,北大路 魯山人,50017,デンマークのビール
1166,中井 正一,49710,支部図書館三周年に寄せて
908,坂本 竜馬,52152,和歌一
1154,岸田 国士,44323,出発点
1475,小川 未明,51505,一銭銅貨
1154,岸田 国士,44757,『跫音』の序にかへて
1569,中谷 宇吉郎,57269,金鱗湖
329,楠山 正雄,18389,鬼六
107,鈴木 三重吉,45192,乞食の子
908,坂本 竜馬,51449,手紙
1637,中野 鈴子,59058,スペインの女
908,坂本 竜馬,51432,手紙
1154,岸田 国士,44638,期待する人
1475,小川 未明,51583,少年の日二景
106,北原 白秋,55768,疲レ
1172,村山 籌子,44977,あひるさん　と　時計
1861,河井 酔茗,57428,堺へ帰らう
1235,カフカ フランツ,49858,家長の心配
1475,小川 未明,51681,町はずれの空き地
26,中原 中也,55919,（成程）
1475,小川 未明,51571,こま
908,坂本 竜馬,51788,手紙
1154,岸田 国士,44830,作者の言葉（「牛山ホテル」の後に）
1637,中野 鈴子,58803,方向
1403,北大路 魯山人,49983,尋常一様
908,坂本 竜馬,52154,和歌二
26,中原 中也,55924,（ダダイストが大砲だのに）
1475,小川 未明,52105,左ぎっちょの正ちゃん
26,中原 中也,55713,書信
908,坂本 竜馬,52139,続　手紙
908,坂本 竜馬,51420,手紙
908,坂本 竜馬,51965,手紙
136,山村 暮鳥,45047,雪虫の唄
1172,村山 籌子,44942,しんばい
1475,小川 未明,52117,やんま
1095,坂口 安吾,43164,「復員殺人事件」について
678,富永 太郎,55490,無題
1475,小川 未明,51653,はととりんご
1471,今野 大力,55599,静夜昇天
1471,今野 大力,55592,東方の窓辺にて
1311,三好 十郎,50254,「冒した者」について
1134,ペロー シャルル,43120,灰だらけ姫
1475,小川 未明,51093,赤い魚と子供
1569,中谷 宇吉郎,57461,「先生を囲る話」について
1154,岸田 国士,44758,辻久一著「夜の芸術」
1475,小川 未明,52062,子ざると母ざる
1763,佐藤 春夫,58794,宇野浩二君を思う
1569,中谷 宇吉郎,57458,十二花の雪
270,高村 光雲,1549,幕末維新懐古談
908,坂本 竜馬,51388,手紙
1475,小川 未明,51501,兄の声
908,坂本 竜馬,51964,手紙
214,田山 花袋,51378,草みち
1475,小川 未明,51498,赤土へくる子供たち
908,坂本 竜馬,52141,続　手紙
908,坂本 竜馬,51969,手紙
908,坂本 竜馬,51943,手紙
908,坂本 竜馬,51926,手紙
908,坂本 竜馬,51950,手紙
908,坂本 竜馬,51843,手紙
136,山村 暮鳥,45046,春の海のうた
678,富永 太郎,55478,即興
1172,村山 籌子,44961,小ぐまさん　の　かんがへちがひ
107,鈴木 三重吉,45188,ダマスカスの賢者
1172,村山 籌子,45000,オマツリ
1154,岸田 国士,44726,『敗戦の倫理』編者のことば
1154,岸田 国士,44885,「序文」まへがき
1155,チェーホフ アントン,51292,かき
136,山村 暮鳥,45051,冬の木木
1172,村山 籌子,44982,泣いてゐるお猫さん
1172,村山 籌子,44954,川へおちた玉ねぎさん
1475,小川 未明,52106,一粒の真珠
1475,小川 未明,51574,さか立ち小僧さん
1475,小川 未明,52071,すいれんは咲いたが
26,中原 中也,55903,春の日の怒
1172,村山 籌子,44955,カヘルサント、コホロギサン
1475,小川 未明,52045,おかめどんぐり
1475,小川 未明,52095,友だちどうし
1475,小川 未明,51507,海が呼んだ話
1471,今野 大力,55597,たたかいの中に
121,新美 南吉,45088,月から
1475,小川 未明,52113,政ちゃんと赤いりんご
908,坂本 竜馬,52136,続　手紙
329,楠山 正雄,43461,瘤とり
1181,ドーデ アルフォンス,45194,村の学校（実話）
1403,北大路 魯山人,59641,薄口醤油
1172,村山 籌子,44945,お姫さまと猟師
1666,漢那 浪笛,1496,吸い殻
1172,村山 籌子,44960,あひるさん　の　くつ
35,太宰 治,1603,かくめい
81,宮沢 賢治,45309,ペンネンノルデはいまはいないよ　太陽にできた黒い棘をとりに行ったよ
287,野呂 栄太郎,4450,平野義太郎宛書簡
null,紫式部 ,5058,源氏物語
311,宮本 百合子,15991,山崎富栄の日記をめぐって
908,坂本 竜馬,51790,手紙
908,坂本 竜馬,51787,手紙
908,坂本 竜馬,52140,続　手紙
908,坂本 竜馬,51932,手紙
908,坂本 竜馬,51955,手紙
1471,今野 大力,55523,高窓に見える青空
1475,小川 未明,52092,東京の羽根
1475,小川 未明,51085,幾年もたった後
1475,小川 未明,51718,世の中のために
26,中原 中也,55896,恋の後悔
35,太宰 治,58054,雨の玉川心中
1475,小川 未明,51555,雲のわくころ
908,坂本 竜馬,51952,手紙
19,アンデルセン ハンス・クリスチャン,44423,もみの木
26,中原 中也,55897,初夏
311,宮本 百合子,15990,心から送る拍手
107,鈴木 三重吉,45185,蛇つかひ
908,坂本 竜馬,51927,手紙
1154,岸田 国士,44891,隣の花
1475,小川 未明,51025,教師と子供
1154,岸田 国士,44637,『開拓地帯』の序
365,チリコフ オイゲン,45197,そり（童話）
1092,グリム ヴィルヘルム・カール,59635,十二人兄弟
81,宮沢 賢治,43736,『注文の多い料理店』序
1154,岸田 国士,44632,事変記念日
1475,小川 未明,51704,夕雲
121,新美 南吉,43397,仔牛
908,坂本 竜馬,52138,続　手紙
1403,北大路 魯山人,49979,椎茸の話
1475,小川 未明,51703,山へ帰ったやまがら
1092,グリム ヴィルヘルム・カール,59536,かわいそうな粉ひきの若いものと小猫
908,坂本 竜馬,52132,続　手紙
908,坂本 竜馬,51951,手紙
1154,岸田 国士,44441,新しき天地
1154,岸田 国士,44600,戯曲講座
1863,安西 冬衛,57435,大大阪のれいめい
1154,岸田 国士,44863,矢代静一君を推す
1154,岸田 国士,44512,癇癪批評
1154,岸田 国士,44868,「現代戯曲全集第十七巻」の跋に代へて
1505,ポター ビアトリクス,51344,あなうさピーターのはなし
1505,ポター ビアトリクス,51346,ばにばにベンジャミンのはなし
1505,ポター ビアトリクス,56842,ごくあくウサギのものがたり
1475,小川 未明,51667,昼のお月さま
26,中原 中也,55920,（何と物酷いのです）
1154,岸田 国士,44832,「演劇」創刊に当たつて
1154,岸田 国士,44848,「速水女塾」について
879,芥川 竜之介,60574,Afterlife
26,中原 中也,55926,（名詞の扱ひに）
1154,岸田 国士,44310,上演料の話（仏蘭西）
26,中原 中也,55917,（題を附けるのが無理です）
1154,岸田 国士,44888,「古い玩具」あとがき
1154,岸田 国士,44389,映画素人談義
311,宮本 百合子,15970,ソヴェトの「労働者クラブ」
1471,今野 大力,55534,新らしいスローガンについて
65,九鬼 周造,4404,伝統と進取
1154,岸田 国士,44554,「悲劇喜劇」広告
1172,村山 籌子,44938,チユウちやんのおたんじやう日
1475,小川 未明,52076,小さな弟、良ちゃん
1154,岸田 国士,44611,文学座第二回試演に際して
19,アンデルセン ハンス・クリスチャン,58874,空とぶトランク
1154,岸田 国士,44644,演出者として
154,田中 貢太郎,45564,帽子のない水兵
1475,小川 未明,51057,人の身の上
718,新渡戸 稲造,50744,女子教育に就て
1338,羽仁 もと子,48670,最も楽しい事業
256,倉田 百三,43465,芸術上の心得
1637,中野 鈴子,58801,途中で
121,新美 南吉,45108,りんごの車
1172,村山 籌子,44972,ねずみさんの失敗
182,西田 幾多郎,43654,アブセンス・オブ・マインド
678,富永 太郎,55479,煙草の歌
136,山村 暮鳥,45049,鶏
311,宮本 百合子,15969,「女人芸術」か「女人大衆」かの批判について
1346,片山 広子,49507,子供の言葉
1475,小川 未明,50984,夕焼け物語
1475,小川 未明,51019,ちょうと三つの石
136,山村 暮鳥,45033,港の唄
26,中原 中也,51312,雲
1172,村山 籌子,44996,あめくん
1172,村山 籌子,44998,こいぬ　の　ちびすけ
1172,村山 籌子,44937,かかし
1475,小川 未明,51044,金銀小判
1475,小川 未明,51649,野菊の花
1475,小川 未明,52122,ペスをさがしに
1475,小川 未明,51011,赤い手袋
19,アンデルセン ハンス・クリスチャン,58847,すずの兵隊さん
136,山村 暮鳥,45048,燕
136,山村 暮鳥,45037,百舌鳥
1172,村山 籌子,44957,三匹　の　こぐまさん
1475,小川 未明,51009,時計のない村
1403,北大路 魯山人,49972,弦斎の鮎
906,豊島 与志雄,45058,鬼カゲさま
121,新美 南吉,45095,明日
1172,村山 籌子,44964,あひるさん　と　にはとりさん
26,中原 中也,55913,（概念が明白となれば）
1475,小川 未明,51113,おもちゃ店
121,新美 南吉,45091,ひなた
1475,小川 未明,51120,私は姉さん思い出す
1154,岸田 国士,44743,『日本人とは？』再刊にあたつて
1172,村山 籌子,44936,トントンピーピ
1475,小川 未明,51502,ある夏の日のこと
1475,小川 未明,52052,学校の桜の木
1475,小川 未明,50993,牛女
1154,岸田 国士,44629,お中元
1154,岸田 国士,44838,選後に
1693,山之口 貘,56664,宝くじ・その後
1693,山之口 貘,56666,初恋のやり直し
1403,北大路 魯山人,50002,筆にも口にもつくす
908,坂本 竜馬,51846,手紙
26,中原 中也,55921,（風船玉の衝突）
1475,小川 未明,51584,しらかばの木
1172,村山 籌子,44956,三匹ノ　コグマサント　キシヤ
106,北原 白秋,55767,真実
908,坂本 竜馬,52137,続　手紙
908,坂本 竜馬,51426,手紙
121,新美 南吉,45103,どらが鳴る
908,坂本 竜馬,51854,手紙
416,伊藤 野枝,57047,書簡　武部ツタ宛
154,田中 貢太郎,45540,屋根の上の黒猫
908,坂本 竜馬,51959,手紙
1154,岸田 国士,44887,「現代演劇論・増補版」あとがき
19,アンデルセン ハンス・クリスチャン,58875,みにくいアヒルの子
1475,小川 未明,52047,おじいさんが捨てたら
121,新美 南吉,639,嘘
1475,小川 未明,51506,うずめられた鏡
1475,小川 未明,51099,泣きんぼうの話
1172,村山 籌子,44967,いぬさん　と　おねこさん
287,野呂 栄太郎,4455,平野義太郎宛書簡
305,正岡 子規,50398,夢
1095,坂口 安吾,43152,作者附記〔「火」『群像』連載第一回〕
1475,小川 未明,51685,万の死
121,新美 南吉,45090,デパートの窓
888,スティーブンソン ロバート・ルイス,45118,誰か
1763,佐藤 春夫,58825,新宮
1134,ペロー シャルル,43119,眠る森のお姫さま
121,新美 南吉,45093,乳母車
1172,村山 籌子,44944,プリンス・アド
329,楠山 正雄,43459,瓜子姫子
1154,岸田 国士,44728,飯田の町に寄す
908,坂本 竜馬,51942,手紙
129,森 鴎外,43732,寒山拾得縁起
908,坂本 竜馬,51400,手紙
908,坂本 竜馬,51842,手紙
1637,中野 鈴子,58600,母の手紙
1475,小川 未明,51028,一本の釣りざお
19,アンデルセン ハンス・クリスチャン,59322,年とったカシワの木のさいごの夢
1475,小川 未明,52104,春の日
1154,岸田 国士,44859,純粋戯曲への道
1092,グリム ヴィルヘルム・カール,59634,三人の糸くり女
83,菊池 寛,43121,アラビヤンナイト
121,新美 南吉,1754,和太郎さんと牛
1861,河井 酔茗,57430,山の歓喜
1637,中野 鈴子,59056,お前は此の頃よくねむる
1471,今野 大力,55536,形象の献辞
1403,北大路 魯山人,49986,だしの取り方
809,宮原 晃一郎,45161,幸坊の猫と鶏
329,楠山 正雄,43124,ジャックと豆の木
1154,岸田 国士,44881,「生活と文化」序
26,中原 中也,51317,寒い夜の自我像
154,田中 貢太郎,45526,怪談会の怪異
1475,小川 未明,51610,小さな妹をつれて
1172,村山 籌子,44958,髪床やの大根さん
1179,土田 耕平,45146,八ノ字山
293,原 民喜,43531,山へ登った毬
311,宮本 百合子,16016,夜寒
121,新美 南吉,56254,小さい太郎の悲しみ
1475,小川 未明,51008,殿さまの茶わん
1666,漢那 浪笛,1910,まよわし
908,坂本 竜馬,51851,手紙
81,宮沢 賢治,43735,『注文の多い料理店』序
908,坂本 竜馬,51393,手紙
1095,坂口 安吾,44917,今後の寺院生活に対する私考
908,坂本 竜馬,51941,手紙
908,坂本 竜馬,52027,手紙
1765,田辺 竜子,56025,うもれ木
1154,岸田 国士,44787,ヂアロオグ・プランタニエ（対話）
1749,三好 達治,58745,雪夜　一
1403,北大路 魯山人,50018,ハワイの食用蛙
1154,岸田 国士,44853,昭和の劇文学の全貌
1172,村山 籌子,44968,あひるさん　と　つるさん
1403,北大路 魯山人,49975,個性
1475,小川 未明,50985,少年の日の悲哀
158,島崎 藤村,1519,再婚について
1095,坂口 安吾,59166,復員
1505,ポター ビアトリクス,51347,ばにばにきょうだいのはなし
1475,小川 未明,51013,強い大将の話
1172,村山 籌子,44920,〈美しい王子様のおせなかに〉
1172,村山 籌子,44939,ワタシハ　ジヤガイモ
26,中原 中也,55923,（古る摺れた）
311,宮本 百合子,15994,三つのばあい・未亡人はどう生きたらいいか
136,山村 暮鳥,45032,葭切鳥
121,新美 南吉,45089,深呼吸
1475,小川 未明,51014,金の魚
121,新美 南吉,45104,月の角笛
121,新美 南吉,45102,お月さまを
1154,岸田 国士,44690,『素人演劇運動の理念と方策』の序
1172,村山 籌子,44973,ネコ　ノ　オバアサン
1779,江戸川 乱歩,56687,天空の魔人
1759,実吉 捷郎,45021,「ヴェニスに死す」解説
329,楠山 正雄,18336,文福茶がま
1154,岸田 国士,44643,春日雑記
136,山村 暮鳥,45035,渚
1569,中谷 宇吉郎,59189,鉛筆のしん
1154,岸田 国士,44684,夢と実現の能力
1172,村山 籌子,44922,〈おかみさん〉
1154,岸田 国士,44864,「どん底」の演出
1172,村山 籌子,44952,迷子ノジヤガイモ
121,新美 南吉,43475,ウサギ
121,新美 南吉,43476,カンザシ
121,新美 南吉,43477,ガチヨウノ　タンジヨウビ
346,村岡 博,49188,茶の本
1475,小川 未明,51058,雪だるま
1154,岸田 国士,44693,一つの試案
136,山村 暮鳥,45043,田圃にて
305,正岡 子規,50403,権助の恋
1475,小川 未明,50986,雪の国と太郎
1179,土田 耕平,45147,犬の子
1154,岸田 国士,44614,映画アカデミイについて
1154,岸田 国士,44715,芥川賞（第十八回）選評
1166,中井 正一,49713,蓄音器の針
311,宮本 百合子,15987,これでは囚人扱い
1475,小川 未明,51034,野ばら
1475,小川 未明,51109,闇
76,岡本 かの子,438,ある男の死
1341,永井 荷風,52181,断腸亭日乗
26,中原 中也,55705,山羊の言
1906,河井 寛次郎,58239,蝶が飛ぶ　葉っぱが飛ぶ
1154,岸田 国士,44839,『猿・鹿・熊』の序
1154,岸田 国士,44727,『美しい話』まへがき
1154,岸田 国士,44695,『桜樹』の序
1475,小川 未明,50991,なくなった人形
311,宮本 百合子,16005,大きい足袋
136,山村 暮鳥,45045,鰹釣り
121,新美 南吉,45087,ひかる
1475,小川 未明,51038,三匹のあり
1172,村山 籌子,44971,ひつじさんと　あひるさん
888,スティーブンソン ロバート・ルイス,45117,ゐろりの中の街
1154,岸田 国士,44824,一言（「道遠からん」について）
1154,岸田 国士,44453,「文化勲章」制定に就て
26,中原 中也,55708,草野心平詩集『母岩』
1475,小川 未明,52120,猟師と薬屋の話
1475,小川 未明,51714,雪の降った日
1154,岸田 国士,44898,文学オリンピツク
329,楠山 正雄,43458,一本のわら
1475,小川 未明,51673,へちまの水
1475,小川 未明,51023,北の国のはなし
906,豊島 与志雄,45064,ふしぎな池
416,伊藤 野枝,57048,書簡　武部ツタ宛
35,太宰 治,4356,五所川原
1154,岸田 国士,44619,事変第三年を迎へて
1179,土田 耕平,45144,狐の渡
19,アンデルセン ハンス・クリスチャン,58882,モミの木
160,海野 十三,52238,『火星兵団』の作者の言葉
1403,北大路 魯山人,49969,胡瓜
311,宮本 百合子,16009,この頃
1403,北大路 魯山人,50012,若鮎について
35,太宰 治,1598,一問一答
107,鈴木 三重吉,45183,一本足の兵隊
1293,小野 佐世男,48571,恐妻家庭円満術
1403,北大路 魯山人,49985,雑煮
1154,岸田 国士,44680,女性へ　２
26,中原 中也,55895,倦怠に握られた男
1154,岸田 国士,44490,新劇の自活
329,楠山 正雄,18337,金太郎
1154,岸田 国士,44458,新劇の分類
1180,沖野 岩三郎,45176,硯箱と時計
1154,岸田 国士,44361,「文壇波動調」欄記事
1475,小川 未明,52074,谷にうたう女
1475,小川 未明,51566,子供どうし
908,坂本 竜馬,51852,手紙
1471,今野 大力,55564,やるせなさ
1475,小川 未明,52098,二少年の話
329,楠山 正雄,18340,羅生門
1403,北大路 魯山人,49952,甘鯛の姿焼き
1154,岸田 国士,44324,「演劇週評」その序言
1403,北大路 魯山人,49980,塩昆布の茶漬け
1666,漢那 浪笛,1327,かの日の歌【四】
908,坂本 竜馬,52145,続　手紙
908,坂本 竜馬,52130,続　手紙
1471,今野 大力,55591,波濤よ
1749,三好 達治,58738,黄昏
154,田中 貢太郎,45566,レンズに現われた女の姿
1471,今野 大力,55532,Ｓ療養所点景
154,田中 貢太郎,45538,魔の電柱
1475,小川 未明,51648,ねずみの冒険
26,中原 中也,55930,（バルザック）
1475,小川 未明,52119,世の中のこと
136,山村 暮鳥,45044,おや雀
1172,村山 籌子,44925,〈あめがふつてくりや〉
1475,小川 未明,50980,海へ
1475,小川 未明,51033,てかてか頭の話
1178,テーラー ジェーン,45113,ちらちら光れ小い星
311,宮本 百合子,15966,露西亜の実生活
1475,小川 未明,50977,電信柱と妙な男
1475,小川 未明,51504,生きぬく力
1475,小川 未明,51719,世の中へ出る子供たち
1186,宍戸 儀一,50480,フランケンシュタイン
1172,村山 籌子,44927,〈あかい、やさしい　はなもやうが〉
26,中原 中也,55634,宮沢賢治の詩
1172,村山 籌子,44933,木馬
1471,今野 大力,55557,埋れた幻想
1154,岸田 国士,44875,「現代演劇論」はしがき
1154,岸田 国士,44610,文学座第一回試演に際して
1637,中野 鈴子,59054,あつき手を挙ぐ
879,芥川 竜之介,4871,私の好きなロマンス中の女性
1154,岸田 国士,44826,『えり子とともに』の序に代へて
82,岡本 綺堂,49537,年賀郵便
154,田中 貢太郎,45535,天井からぶらさがる足
1172,村山 籌子,44962,歯と眼の悪いおぢいさん
1569,中谷 宇吉郎,57270,高度八十マイル
311,宮本 百合子,15993,泉山問題について
136,山村 暮鳥,45042,鳶
231,伊丹 万作,1194,一つの世界
1475,小川 未明,51086,長ぐつの話
1154,岸田 国士,44466,三八年の女性はかく生きよ！
1637,中野 鈴子,58599,小林多喜二のお母さん
121,新美 南吉,45094,熊
1475,小川 未明,51108,お江戸は火事だ
1475,小川 未明,52096,仲よしがけんかした話
1154,岸田 国士,44852,新劇と娘今日子
136,山村 暮鳥,45040,鶸
1637,中野 鈴子,58802,母の叫び
1475,小川 未明,50998,子供の時分の話
908,坂本 竜馬,52028,手紙
1154,岸田 国士,44574,阿部正雄君のこと
1154,岸田 国士,44697,「矜り」と「嗜み」
311,宮本 百合子,15995,「道標」創作メモ
1154,岸田 国士,44414,「我家の平和」を演出して
1475,小川 未明,51043,白すみれとしいの木
37,黒島 伝治,45439,愛読した本と作家から
1475,小川 未明,51017,くわの怒った話
1154,岸田 国士,44831,戯曲復興の兆
1166,中井 正一,49707,「焚書時代」を脱却
1475,小川 未明,51081,千代紙の春
1475,小川 未明,50975,赤い船
1475,小川 未明,50995,めくら星
26,中原 中也,55908,（58号の電車で女郎買に行つた男が）
1172,村山 籌子,44970,うさぎさん　と　おほかみさん
1154,岸田 国士,44862,稽古場にて
1475,小川 未明,51050,女の魚売り
1235,カフカ フランツ,49861,最初の苦悩
null,青空文庫 ,56572,青空文庫の提案
678,富永 太郎,55472,警戒
1475,小川 未明,51658,春風の吹く町
1340,ブラウニング ロバート,48417,魔法の笛
908,坂本 竜馬,52032,手紙
1154,岸田 国士,44844,演劇への入口
1154,岸田 国士,44823,雲の会
1154,岸田 国士,44719,芥川賞（第二十回）選評
81,宮沢 賢治,1946,クねずみ
1475,小川 未明,51091,遠くで鳴る雷
1475,小川 未明,51026,小さな赤い花
1763,佐藤 春夫,59265,拙作『小説永井荷風伝』について
1154,岸田 国士,44870,「昨今横浜異聞」この集を編むについて
1172,村山 籌子,44963,おもちや　の　めがね
1154,岸田 国士,44653,生活文化の建設
136,山村 暮鳥,45052,手ぶくろ
287,野呂 栄太郎,4451,平野義太郎宛書簡
1179,土田 耕平,45136,私の祖父
1172,村山 籌子,44947,はちとくま
311,宮本 百合子,15967,プロレタリア美術展を観る
1172,村山 籌子,44946,〈ピツコロさん〉
1861,河井 酔茗,57429,春の詩集
311,宮本 百合子,15976,「現代百婦人録」問合せに答えて
1471,今野 大力,55579,老将軍と大学教授
1154,岸田 国士,44433,暫く黙せしめよ
1475,小川 未明,51097,海ぼたる
121,新美 南吉,45106,井戸
1475,小川 未明,51591,すずめ
121,新美 南吉,45053,あとがき
1475,小川 未明,52091,手風琴
1475,小川 未明,51604,武ちゃんと昔話
1475,小川 未明,51037,自分で困った百姓
1475,小川 未明,51674,僕が大きくなるまで
1569,中谷 宇吉郎,57869,長崎留学
1475,小川 未明,50994,犬と人と花
1475,小川 未明,51024,煙突と柳
1475,小川 未明,51675,僕のかきの木
214,田山 花袋,48757,欲望と理想
1471,今野 大力,55600,聖堂の近くを過ぐる
1403,北大路 魯山人,49962,欧米料理と日本
1475,小川 未明,52055,希望
1798,梅崎 春生,59415,八ガ岳に追いかえされる
1154,岸田 国士,44456,感想
355,上村 松園,49739,女の顔
1154,岸田 国士,44368,仮面座の宣言
1666,漢那 浪笛,2037,新らしき悲しみにうつる時
1154,岸田 国士,44460,新劇の大衆化
1154,岸田 国士,44352,芸術賞
1475,小川 未明,51073,雪の上のおじいさん
1475,小川 未明,52061,曠野
1637,中野 鈴子,58804,わたしの正月
1154,岸田 国士,44429,強ひられた感想
1154,岸田 国士,44858,加藤道夫の死
26,中原 中也,55633,宮沢賢治全集刊行に際して
26,中原 中也,55738,宮沢賢治の世界
26,中原 中也,55928,（ツツケンドンに）
888,スティーブンソン ロバート・ルイス,45120,僕の国
26,中原 中也,51313,暗い天候
800,水上 滝太郎,43841,貝殻追放
1475,小川 未明,51660,春はよみがえる
311,宮本 百合子,16004,心配
1154,岸田 国士,44517,新劇の拓く道
1403,北大路 魯山人,49978,残肴の処理
1154,岸田 国士,44636,ジイクフリードについて
1154,岸田 国士,44764,清潔な文章を買ふ
1403,北大路 魯山人,49965,感想
329,楠山 正雄,18387,和尚さんと小僧
908,坂本 竜馬,51939,手紙
1403,北大路 魯山人,49955,鮎の名所
1475,小川 未明,51065,紅すずめ
160,海野 十三,58613,探偵小説と犯罪事件
1475,小川 未明,51032,小さな草と太陽
1154,岸田 国士,44851,選後に
1154,岸田 国士,44420,女九歳
908,坂本 竜馬,51417,手紙
1475,小川 未明,52050,からすとうさぎ
355,上村 松園,49743,絵筆に描き残す亡びゆく美しさ
355,上村 松園,49733,三味線の胴
908,坂本 竜馬,51968,手紙
158,島崎 藤村,45122,蝉の子守唄
106,北原 白秋,55612,「わすれなぐさ」はしがき
311,宮本 百合子,16007,死に対して
158,島崎 藤村,1515,婦人の笑顔
908,坂本 竜馬,51427,手紙
908,坂本 竜馬,51961,手紙
1154,岸田 国士,44307,言はでものこと
1154,岸田 国士,44899,ラヂオ文学の収穫――「なだれ」
1666,漢那 浪笛,1885,最後の丘
121,新美 南吉,45101,一れつ
1475,小川 未明,50978,つばめと乞食の子
1475,小川 未明,51012,春がくる前
154,田中 貢太郎,1621,老犬の怪
154,田中 貢太郎,45592,炭取り
26,中原 中也,51314,桑名の駅
1172,村山 籌子,44935,うさぎのくだものや
1166,中井 正一,43713,図書館の未来像
121,新美 南吉,45105,よい家
1471,今野 大力,55548,光箭
154,田中 貢太郎,45556,白い小犬を抱いた女
1938,新村 出,58506,『新辞泉』序文
26,中原 中也,55716,萩原朔太郎評論集　無からの抗争
1154,岸田 国士,44365,「文壇波動調」欄記事
1154,岸田 国士,44511,プログラム
307,松濤 明,45384,一ノ倉沢
1475,小川 未明,51102,みつばちのきた日
1475,小川 未明,51027,空色の着物をきた子供
1154,岸田 国士,44713,「サント・ブウヴ選集」推薦の言葉
1475,小川 未明,51067,大きなかに
1475,小川 未明,51010,角笛吹く子
1166,中井 正一,43829,過剰の意識
1475,小川 未明,51056,花と人の話
307,松濤 明,43681,一つのエチケット
154,田中 貢太郎,52271,男の顔
1475,小川 未明,51644,二百十日
1154,岸田 国士,44325,演芸欄　其他
1172,村山 籌子,44926,〈かみのすくない　カテリーナ〉
1154,岸田 国士,44488,小劇場記念公演
154,田中 貢太郎,45616,料理番と婢の姿
1779,江戸川 乱歩,56686,探偵少年
1475,小川 未明,51016,太陽とかわず
1990,芥川 紗織,59022,民芸品の部屋で
154,田中 貢太郎,45553,亀の子を握ったまま
278,津村 信夫,51371,雪
311,宮本 百合子,15975,今日の文章
287,野呂 栄太郎,4453,平野義太郎宛書簡
1172,村山 籌子,44979,月謝の袋を失くしたあひるさん
270,高村 光雲,1554,幕末維新懐古談
1154,岸田 国士,44481,演劇的青春への釈明
154,田中 貢太郎,45532,千匹猿の鍔
129,森 鴎外,13201,『新訳源氏物語』初版の序
1154,岸田 国士,44572,「せりふ」としての方言
416,伊藤 野枝,57045,書簡　蒲原房枝宛
154,田中 貢太郎,45541,妖女の舞踏する踏切
1179,土田 耕平,45132,大寒小寒
1179,土田 耕平,45140,騎士屋
1475,小川 未明,51089,月夜と眼鏡
19,アンデルセン ハンス・クリスチャン,58849,ナイチンゲール
1475,小川 未明,51068,びっこのお馬
1475,小川 未明,51070,汽車の中のくまと鶏
1475,小川 未明,50987,どこで笛吹く
1229,クロポトキン ピョートル・アレクセーヴィチ,50508,共産食堂
1154,岸田 国士,44897,岡田君のこと
1763,佐藤 春夫,58824,思い出
1475,小川 未明,51079,はてしなき世界
1475,小川 未明,51708,夕焼けがうすれて
1393,キャロル ルイス,55880,アリスの地底めぐり
1848,モンテーニュ ミシェル・エケム・ド,59468,モンテーニュ随想録
1475,小川 未明,51720,夜の進軍らっぱ
231,伊丹 万作,43640,カタカナニツイテ
1166,中井 正一,49708,国会図書館のこのごろ
1475,小川 未明,51599,太陽と星の下
1475,小川 未明,51051,木に上った子供
1475,小川 未明,51072,石をのせた車
1154,岸田 国士,44504,伊賀山精三君の『騒音』
1395,和辻 哲郎,51233,初めて西田幾多郎の名を聞いたころ
293,原 民喜,48446,縁起に就いて
287,野呂 栄太郎,4413,加藤正宛書簡
1879,大隈 重信,58085,余が平和主義の立脚点
256,倉田 百三,58308,念仏と生活
154,田中 貢太郎,45604,二通の書翰
1804,三枝 博音,56765,啄木とデカルト命題
1666,漢那 浪笛,1426,棕梠のそよぎ
1154,岸田 国士,44694,『日本を観る』の序に代へて
311,宮本 百合子,16017,午後
1346,片山 広子,50144,買食ひ
1166,中井 正一,49714,図書館協会六十周年に寄せて
1154,岸田 国士,44845,『演劇』あとがき
1475,小川 未明,51036,神は弱いものを助けた
26,中原 中也,55898,自滅
908,坂本 竜馬,52131,続　手紙
1166,中井 正一,43835,色彩映画のシナリオ
42,寺田 寅彦,1694,知と疑い
908,坂本 竜馬,51793,手紙
26,中原 中也,55904,春の夕暮
1475,小川 未明,51510,丘の下
311,宮本 百合子,16024,雨の日
35,太宰 治,1591,かすかな声
1154,岸田 国士,44692,「満洲国各民族創作選集」選者のことば
1154,岸田 国士,44884,「速水女塾」あとがき
1346,片山 広子,50143,お嬢さん
1135,ド・ヴィルヌーヴ ガブリエル=シュザンヌ・バルボ,43125,ラ・ベルとラ・ベート（美し姫と怪獣）
1154,岸田 国士,44516,映画の演劇性
1154,岸田 国士,44557,焼き林檎を投げる
1154,岸田 国士,44470,東京朝日新聞の劇評
1569,中谷 宇吉郎,57296,ケリイさんのこと
1154,岸田 国士,44654,世界的文化の母胎
1154,岸田 国士,44686,『私の生活技術』の跋
214,田山 花袋,48987,レイモンドの『農民』
1154,岸田 国士,44527,「せりふ」について
329,楠山 正雄,18334,猿かに合戦
311,宮本 百合子,15981,「播州平野」創作メモ
1134,ペロー シャルル,43117,青ひげ
287,野呂 栄太郎,4449,平野義太郎宛書簡
1475,小川 未明,51577,しいたげられた天才
1154,岸田 国士,44729,「劇作」に告ぐ
1154,岸田 国士,44371,心平かなり
1154,岸田 国士,44872,「にんじん」の訳稿を終へて
908,坂本 竜馬,51416,手紙
1154,岸田 国士,44744,十年の足跡
1403,北大路 魯山人,50008,料理と食器
1154,岸田 国士,44866,「由利旗江」を書いた頃の思出
1154,岸田 国士,44836,一つの挿話
1154,岸田 国士,44406,求貸家
1154,岸田 国士,44332,演劇新潮と築地小劇場
1154,岸田 国士,44532,『赤鬼』の作者阪中正夫君
1475,小川 未明,51052,つばきの下のすみれ
1154,岸田 国士,44640,「炬火おくり」について
908,坂本 竜馬,51414,手紙
388,淡島 寒月,4908,銀座は昔からハイカラな所
121,新美 南吉,45096,島
35,太宰 治,4357,青森
1403,北大路 魯山人,50007,料理芝居
908,坂本 竜馬,51429,手紙
311,宮本 百合子,16021,南風
1763,佐藤 春夫,58823,晶子さんの煙草正月
1154,岸田 国士,44520,共同の目標
908,坂本 竜馬,51381,手紙
311,宮本 百合子,16015,秋霧
908,坂本 竜馬,51411,手紙
1095,坂口 安吾,43185,百万人の文学
1154,岸田 国士,44763,速水女塾に就ての雑談
908,坂本 竜馬,51386,手紙
908,坂本 竜馬,51738,手紙
908,坂本 竜馬,52127,続　手紙
908,坂本 竜馬,52129,続　手紙
416,伊藤 野枝,57038,書簡　大杉栄宛
26,中原 中也,55892,一度
908,坂本 竜馬,51844,手紙
26,中原 中也,51329,干物
908,坂本 竜馬,52135,続　手紙
329,楠山 正雄,18377,かちかち山
1475,小川 未明,52053,がん
908,坂本 竜馬,51413,手紙
1154,岸田 国士,44865,『どん底』ノート
416,伊藤 野枝,57042,書簡　大杉栄宛
26,中原 中也,51320,地極の天使
150,薄田 泣菫,4904,名文句
908,坂本 竜馬,52147,続　手紙
908,坂本 竜馬,52023,手紙
1497,吉井 勇,51237,黒足袋
908,坂本 竜馬,51785,手紙
1154,岸田 国士,44538,車引耕介に答ふ
908,坂本 竜馬,51419,手紙
908,坂本 竜馬,52029,手紙
908,坂本 竜馬,52025,手紙
908,坂本 竜馬,52134,続　手紙
1692,久保田 万太郎,56004,文字に対する敏感
908,坂本 竜馬,51929,手紙
311,宮本 百合子,15984,選評
1059,斎藤 茂吉,57009,妻
1749,三好 達治,58737,憩ひ
1666,漢那 浪笛,1414,帰省
1471,今野 大力,55535,幼な子チビコ
1172,村山 籌子,44929,雪のよる
1172,村山 籌子,44923,あめやさん
1172,村山 籌子,44969,ゾウ　ト　ネズミ
1172,村山 籌子,44934,ギツコン　バツタン
1471,今野 大力,55525,航海
136,山村 暮鳥,45031,海辺にて
1272,溝口 健二,59346,映画『新・平家物語』
1475,小川 未明,51001,酒倉
26,中原 中也,51311,玩具の賦
1154,岸田 国士,44667,わが仏文壇に「なくてはならぬ部分」を残す
1869,山本 周五郎,58948,年の瀬の音
1475,小川 未明,51595,戦争はぼくをおとなにした
291,林 芙美子,56044,平凡な女
1475,小川 未明,51049,気まぐれの人形師
1475,小川 未明,50979,星の世界から
1166,中井 正一,43714,二十世紀の頂における図書館の意味
1761,小津 安二郎,59480,性格と表情
1154,岸田 国士,44666,生活の貧しさ
35,太宰 治,43573,春昼
26,中原 中也,51331,星とピエロ
293,原 民喜,48490,渚
1172,村山 籌子,44987,二階の窓までのびたチユーリツプ
1154,岸田 国士,44338,独断一束
159,辻 潤,49431,蒼馬を見たり
1474,丘 浅次郎,57881,進化論と衛生
1475,小川 未明,51054,白い影
1475,小川 未明,51567,子供は悲しみを知らず
678,富永 太郎,55484,手
1166,中井 正一,43725,国立国会図書館について
1166,中井 正一,43731,民族の血管
1475,小川 未明,51076,飴チョコの天使
1475,小川 未明,51061,百姓の夢
1338,羽仁 もと子,48667,おさなごを発見せよ
1475,小川 未明,52037,いちじゅくの木
1154,岸田 国士,44816,「娼婦マヤ」評
1235,カフカ フランツ,49860,皇帝の使者
1637,中野 鈴子,59055,ある日
1475,小川 未明,51063,一本のかきの木
1475,小川 未明,51003,金持ちと鶏
1958,富田 常雄,58935,転がり試合
1475,小川 未明,52034,青い星の国へ
1475,小川 未明,50996,おじいさんの家
1475,小川 未明,51608,だまされた娘とちょうの話
1172,村山 籌子,44951,かくれんぼ
1475,小川 未明,51087,くもと草
1154,岸田 国士,44842,老病について
1154,岸田 国士,44752,田口竹男君のこと
1172,村山 籌子,44992,ゴボウ君と大根君
311,宮本 百合子,16013,現今の少女小説について
1154,岸田 国士,44894,「白い蛇、赤い蛇」
107,鈴木 三重吉,45190,パナマ運河を開いた話
1569,中谷 宇吉郎,57466,雪の化石１
1471,今野 大力,55605,残冬
311,宮本 百合子,15972,ソヴェトに於ける「恋愛の自由」に就て
1338,羽仁 もと子,48669,たましいの教育
154,田中 貢太郎,45549,位牌田
888,スティーブンソン ロバート・ルイス,45119,積木の町
329,楠山 正雄,18376,桃太郎
1475,小川 未明,51517,火事
1403,北大路 魯山人,49998,美食七十年の体験
1154,岸田 国士,44703,隣組の文化運動
809,宮原 晃一郎,45163,賢い秀雄さんの話
1997,三岸 好太郎,59354,黄色い鋼鉄船
1166,中井 正一,49715,図書館法を地方の万人の手に
26,中原 中也,55934,夜汽車の食堂
154,田中 貢太郎,45557,天長節の式場
1168,高村 光太郎,58184,美
26,中原 中也,51328,夏は青い空に……
26,中原 中也,51325,夏と悲運
1475,小川 未明,52075,玉虫のおばさん
1471,今野 大力,55573,もうおそい
1637,中野 鈴子,58598,一家
1095,坂口 安吾,43146,真相かくの如し
32,植松 真人,43709,高橋の話。
1475,小川 未明,51605,谷間のしじゅうから
1475,小川 未明,50990,残された日
1166,中井 正一,49711,真理を求めて
678,富永 太郎,55488,晩春小曲
218,三木 清,50539,ハイデッゲル教授の想い出
1475,小川 未明,51622,天女とお化け
329,楠山 正雄,18380,猫の草紙
1475,小川 未明,52057,銀河の下の町
1154,岸田 国士,44541,世界人情覗眼鏡
1891,矢崎 源九郎,58166,絵のない絵本
1475,小川 未明,51042,葉と幹
1154,岸田 国士,44477,懸賞小説に寄せて
1154,岸田 国士,44529,新築地劇団に望む
1779,江戸川 乱歩,57316,自作解説
1395,和辻 哲郎,49900,寺田さんに最後に逢った時
1403,北大路 魯山人,50015,インチキ鮎
1475,小川 未明,51521,からす
1403,北大路 魯山人,49974,高野豆腐
19,アンデルセン ハンス・クリスチャン,59325,眠りの精
1475,小川 未明,51624,とうげの茶屋
1095,坂口 安吾,43154,僕はもう治っている
1475,小川 未明,51090,初夏の不思議
1154,岸田 国士,44679,『素人演劇講座』の序
1154,岸田 国士,44730,森本薫君について
1154,岸田 国士,44592,新聞小説
1154,岸田 国士,44850,女優の親
1154,岸田 国士,44601,築地座の『ママ先生』
1154,岸田 国士,44886,「道遠からん」あとがき
1154,岸田 国士,44497,芝居と見物
1154,岸田 国士,44391,新劇協会公演に先だつて
35,太宰 治,1595,正直ノオト
154,田中 貢太郎,45531,戦死者の凱旋
42,寺田 寅彦,1695,わが中学時代の勉強法
1938,新村 出,58505,『小言林』あとがき
1154,岸田 国士,44612,今度の出し物について
1154,岸田 国士,44569,アンリエツトの転地療養日記
1475,小川 未明,51007,善いことをした喜び
1475,小川 未明,51039,酔っぱらい星
305,正岡 子規,57876,あきまろに答ふ
154,田中 貢太郎,45539,疫病神
1154,岸田 国士,44531,『月・水・金』の跋
81,宮沢 賢治,4440,気のいい火山弾
26,中原 中也,55732,詩論
1172,村山 籌子,44980,風邪をひいたお猫さん
1154,岸田 国士,44608,こんな俳優が欲しい
311,宮本 百合子,15978,歴史と文学
1154,岸田 国士,44479,現代大衆劇は斯くして生れる
107,鈴木 三重吉,45180,星の女
678,富永 太郎,55471,画家の午後
1095,坂口 安吾,44916,芸道地に堕つ
1752,橋本 多佳子,55839,麦刈
1095,坂口 安吾,43572,明治開化　安吾捕物帖
1970,島 秋人,58951,遺愛集
121,新美 南吉,640,病む子の祭
1154,岸田 国士,44662,青年へ
1168,高村 光太郎,58204,美
1763,佐藤 春夫,56565,忘春詩集
1569,中谷 宇吉郎,59211,エリセーフ氏
1166,中井 正一,49717,霧の中のヨードル
1879,大隈 重信,58081,青年の新活動方面
1154,岸田 国士,44417,「明るい文学」について
1154,岸田 国士,44482,『おふくろ』
1637,中野 鈴子,58799,飢餓の中から
416,伊藤 野枝,56996,書簡　山田邦子宛
231,伊丹 万作,43635,「ファン」について
1172,村山 籌子,44966,ライオンの大損
1166,中井 正一,49712,大会を終りて
287,野呂 栄太郎,4412,岩波茂雄宛書簡
311,宮本 百合子,16023,偶感
1809,人見 絹枝,56844,世界記録と私
1475,小川 未明,51795,男の子を見るたびに「戦争」について考えます
1154,岸田 国士,44576,私の演劇論について
1475,小川 未明,51046,けしの圃
1475,小川 未明,51069,山の上の木と雲の話
1154,岸田 国士,44698,『南方絵筆紀行』の序
1166,中井 正一,43729,図書館法の成立
416,伊藤 野枝,57037,書簡　大杉栄宛
1154,岸田 国士,44829,遺憾の弁
1471,今野 大力,55577,私の病室の報告
311,宮本 百合子,16003,同じ娘でも
908,坂本 竜馬,51392,手紙
154,田中 貢太郎,52256,机の抽斗
1403,北大路 魯山人,49963,お米の話
908,坂本 竜馬,52030,手紙
1670,野村 胡堂,57221,随筆銭形平次
1908,小穴 隆一,58202,一顆の栗一顆の小なし
26,中原 中也,55905,不可入性
416,伊藤 野枝,57004,書簡　大杉栄宛
83,菊池 寛,1387,私の日常道徳
1471,今野 大力,55549,死んだ妹に寄せて
908,坂本 竜馬,52146,続　手紙
1134,ペロー シャルル,43118,猫吉親方
908,坂本 竜馬,51395,手紙
416,伊藤 野枝,57040,書簡　大杉栄宛
908,坂本 竜馬,51856,手紙
908,坂本 竜馬,52133,続　手紙
35,太宰 治,1605,徒党について
1311,三好 十郎,51379,「地熱」について
1395,和辻 哲郎,49909,松風の音
1471,今野 大力,55570,墓場が用意された！
908,坂本 竜馬,51391,手紙
1154,岸田 国士,44902,帆船の絵について
26,中原 中也,51327,夏の夜の博覧会は、かなしからずや
26,中原 中也,51323,ダダ音楽の歌詞
1154,岸田 国士,44390,新劇協会の更生について
1154,岸田 国士,44336,棣棠の心
416,伊藤 野枝,57133,編輯室より
908,坂本 竜馬,52033,手紙
268,関根 金次郎,1541,駒台の発案者
1154,岸田 国士,44463,上海で戦死した友田恭助君
1154,岸田 国士,44815,中村伸郎
879,芥川 竜之介,43363,犬養君に就いて
908,坂本 竜馬,51783,手紙
879,芥川 竜之介,51212,「支那游記」自序
416,伊藤 野枝,57003,書簡　大杉栄宛
416,伊藤 野枝,57006,書簡　大杉栄宛
416,伊藤 野枝,57000,書簡　大杉栄宛
908,坂本 竜馬,51923,手紙
908,坂本 竜馬,52031,手紙
154,田中 貢太郎,52278,車屋の小供
1749,三好 達治,58746,雪夜　二
1471,今野 大力,55604,信疑の魔女
908,坂本 竜馬,51756,手紙
26,中原 中也,55715,逝ける辻野君
908,坂本 竜馬,51925,手紙
1172,村山 籌子,44921,コイヌ
1172,村山 籌子,44930,おまゝごと
1172,村山 籌子,44928,ポックリ　キノクツ
1172,村山 籌子,44932,きしやのしよくどう
1172,村山 籌子,44924,もしも、あめのかはりに
1172,村山 籌子,44995,けが　を　した　おほかぜくん
1172,村山 籌子,44978,兎さんの本屋とリスの先生
1172,村山 籌子,44981,ザウサン　サルサン
136,山村 暮鳥,45030,雨の歌
1154,岸田 国士,44746,野上君の処女戯曲
121,新美 南吉,52231,島
1154,岸田 国士,44731,選者の言葉
136,山村 暮鳥,45050,時雨
121,新美 南吉,45099,カンテラ
121,新美 南吉,45092,そりとランターン
1172,村山 籌子,45001,カメサン　ノ　サウダン
1475,小川 未明,51111,古巣
1475,小川 未明,50989,眠い町
182,西田 幾多郎,1049,フランス哲学についての感想
1779,江戸川 乱歩,57108,鉄人Ｑ
1475,小川 未明,51020,いろいろな花
293,原 民喜,48452,川
1475,小川 未明,51029,笑わない娘
1172,村山 籌子,44975,お鼻をかじられたお猫さん
35,太宰 治,18351,「晩年」と「女生徒」
1763,佐藤 春夫,59311,谷崎文学の代表作「細雪」
293,原 民喜,48477,冬晴れ
1475,小川 未明,51004,薬売り
1475,小川 未明,51524,汽車は走る
107,鈴木 三重吉,45191,青い顔かけの勇士
1938,新村 出,58501,『言林』改訂版の序
154,田中 貢太郎,45571,娘の生霊
1471,今野 大力,55522,兵士の綱
1475,小川 未明,51088,黒い人と赤いそり
287,野呂 栄太郎,4454,平野義太郎宛書簡
121,新美 南吉,627,赤い蝋燭
154,田中 貢太郎,45590,焦土に残る怪
154,田中 貢太郎,45536,隧道内の怪火
154,田中 貢太郎,49838,『黒影集』の序詞
1396,原田 義人,49921,年譜
1849,関根 秀雄,59467,モンテーニュ随想録
256,倉田 百三,43127,『出家とその弟子』の追憶
922,末弘 厳太郎,43242,役人学三則
678,富永 太郎,55495,ゆふべみた夢（Etude）
1338,羽仁 もと子,48661,おさなご
1779,江戸川 乱歩,56675,鉄塔の怪人
1475,小川 未明,51062,ふるさとの林の歌
1154,岸田 国士,44814,劇の好きな子供たちへ
1475,小川 未明,52107,冬のちょう
42,寺田 寅彦,43255,千人針
1154,岸田 国士,44478,著作者側の一私見
1475,小川 未明,51800,作家としての問題
1569,中谷 宇吉郎,57266,『ケプロン・黒田の構想』について
1154,岸田 国士,44620,新築地に与へて
1154,岸田 国士,44854,岩田豊雄と私
329,楠山 正雄,43457,一寸法師
1693,山之口 貘,56662,雨あがり
1471,今野 大力,55602,人面凝視
1311,三好 十郎,49839,アメリカ人に問う
1248,佐藤 垢石,50606,アンコウの味
1154,岸田 国士,44408,俳優養成と人材発見
1154,岸田 国士,44843,珍重すべき国際感覚
1154,岸田 国士,44880,「現代風俗」はしがき
1879,大隈 重信,58101,運動
1346,片山 広子,49513,まどはしの四月
1154,岸田 国士,44849,映画のダイアローグについて
1154,岸田 国士,44878,「歳月」前記
42,寺田 寅彦,43260,流言蜚語
1095,坂口 安吾,43150,インテリの感傷
136,山村 暮鳥,45036,稲かけ
1154,岸田 国士,44861,演出者として
1154,岸田 国士,44857,返事
26,中原 中也,51322,早春散歩
150,薄田 泣菫,4905,まんりやう
26,中原 中也,50244,小林秀雄小論
1154,岸田 国士,44542,新劇衰微の兆　天才俳優出でよ
1155,チェーホフ アントン,51352,少年たち
1346,片山 広子,50160,Ｌ氏殺人事件
1651,古川 アヤ,44984,お猫さん
1569,中谷 宇吉郎,59207,雪を降らす話
1569,中谷 宇吉郎,57271,写真と暮らした三十年
76,岡本 かの子,441,愚なる（?!）母の散文詩
121,新美 南吉,45100,光
1964,天川 恵三郎,58876,天川恵三郎手記
1403,北大路 魯山人,49954,鮎の試食時代
1403,北大路 魯山人,50014,アメリカの牛豚
1179,土田 耕平,52018,峠
26,中原 中也,55893,幼き恋の回顧
1095,坂口 安吾,43186,由起しげ子よエゴイストになれ
214,田山 花袋,48981,私と外国文学
1346,片山 広子,50680,「灯火節」あとがき
1154,岸田 国士,44584,ジヤン・コクトオ作「恐るべき子供たち」
121,新美 南吉,45112,沼の家
1154,岸田 国士,44415,ふらんすの芝居
1095,坂口 安吾,43203,明治開化　安吾捕物
1821,蔵原 伸二郎,56986,足跡
1154,岸田 国士,44328,「不可解」の魅力
1821,蔵原 伸二郎,56980,秋
121,新美 南吉,45110,雀の歌
416,伊藤 野枝,57123,福岡の女
154,田中 貢太郎,45552,女の出る蚊帳
1154,岸田 国士,44682,「ドストエーフスキイ全集」推薦の辞
307,松濤 明,45390,八ガ岳大門沢
1154,岸田 国士,44749,横光君の文学
1637,中野 鈴子,58800,月は中天に
1154,岸田 国士,44812,『物言う術』の序に代へて
1154,岸田 国士,44495,現代劇のない日本
231,伊丹 万作,43641,カメラに関する覚え書
1475,小川 未明,52043,海のまぼろし
1471,今野 大力,55594,東郷大将と彼
37,黒島 伝治,45453,農民文学の問題
1395,和辻 哲郎,49885,茸狩り
1692,久保田 万太郎,56466,可哀想な彼女
1474,丘 浅次郎,57884,民種改善学の実際価値
1263,服部 之総,50373,Moods cashey
1520,柳 宗悦,56742,小鹿田窯への懸念
1154,岸田 国士,44642,新聞小説とは
35,太宰 治,1602,小志
107,鈴木 三重吉,45186,ざんげ
1475,小川 未明,51694,村へ帰った傷兵
1974,吉野 秀雄,58915,ひとの不幸をともにかなしむ
231,伊丹 万作,43636,映画と音楽
1154,岸田 国士,44762,内村直也の戯曲
1346,片山 広子,49512,古い伝説
257,黒田 清輝,1425,女の顔
76,岡本 かの子,4542,女性崇拝
1155,チェーホフ アントン,51366,カシタンカ
1179,土田 耕平,45130,千本木川
1474,丘 浅次郎,57419,誤解せられたる生物学
1095,坂口 安吾,43153,作者の言葉〔『火　第一部』〕
1346,片山 広子,50153,入浴
1311,三好 十郎,49854,「廃墟」について
1172,村山 籌子,44990,お鍋とお皿とカーテン
1154,岸田 国士,44822,コポオの弟子たち
1154,岸田 国士,44386,「ゼンマイの戯れ」に就いて
164,堺 利彦,1472,面白き二個の広告
154,田中 貢太郎,45547,赤い牛
906,豊島 与志雄,45062,シロ・クロ物語
154,田中 貢太郎,45591,棄轎
1154,岸田 国士,44376,「文壇波動調」欄記事
329,楠山 正雄,43462,山姥の話
1346,片山 広子,49497,「子猫ノハナシ」
1154,岸田 国士,44598,テアトル・コメディイ
116,鷹野 つぎ,1544,時
121,新美 南吉,628,ごん狐
908,坂本 竜馬,52144,新政府綱領八策
355,上村 松園,4886,母への追慕
1154,岸田 国士,44712,一言（『岸田秋子』について）
1569,中谷 宇吉郎,57468,リチャードソン
1475,小川 未明,50992,馬を殺したからす
1761,小津 安二郎,55948,丸之内点景
35,太宰 治,1596,容貌
1821,蔵原 伸二郎,56983,狐
1154,岸田 国士,44534,内村直也君の『秋水嶺』
1154,岸田 国士,44593,陸軍士官から
136,山村 暮鳥,45034,筏乗り
416,伊藤 野枝,57140,編輯室より
42,寺田 寅彦,43569,夏目先生の俳句と漢詩
1154,岸田 国士,44900,新協劇団を観る
26,中原 中也,55777,西部通信
325,蘭 郁二郎,44725,休刊的終刊
1471,今野 大力,55593,闘士の恋の歌
1154,岸田 国士,44645,文芸銃後運動
26,中原 中也,51333,我が祈り
1763,佐藤 春夫,58684,文学の本筋をゆく
1346,片山 広子,50156,燃える電車
329,楠山 正雄,18384,牛若と弁慶
1475,小川 未明,51092,駄馬と百姓
218,三木 清,50536,軽蔑された翻訳
1154,岸田 国士,44464,戦死した友田恭助氏
293,原 民喜,48499,風景
906,豊島 与志雄,45066,椎の木
231,伊丹 万作,43870,思い
1808,村松 梢風,59872,猫料理
164,堺 利彦,4309,婦人の天職
160,海野 十三,43590,名士訪問記
941,水野 葉舟,4472,旅からのはがき
1992,森 律子,59021,三度会った巡査
35,太宰 治,1597,食通
26,中原 中也,51349,（辛いこつた辛いこつた！）
214,田山 花袋,48710,現実
26,中原 中也,51310,曇つた秋
1346,片山 広子,49140,仔猫の「トラ」
1168,高村 光太郎,56694,ぼろぼろな駝鳥
1166,中井 正一,43730,野に山にかかる虹の橋
908,坂本 竜馬,51957,手紙
148,夏目 漱石,59017,おはなし
1403,北大路 魯山人,49956,鮑の宿借り作り
311,宮本 百合子,16000,東大での話の原稿
1154,岸田 国士,44525,小山祐士君の『瀬戸内海の子供ら』
908,坂本 竜馬,51845,手紙
1154,岸田 国士,44350,ファンテジイ
1095,坂口 安吾,43184,便乗型の暴力
1801,山川 方夫,59449,予感
1095,坂口 安吾,43193,“歌笑”文化
1475,小川 未明,51794,お母さんは僕達の太陽
908,坂本 竜馬,51855,手紙
1475,小川 未明,50983,不死の薬
1154,岸田 国士,44663,女性へ　１
908,坂本 竜馬,51398,手紙
81,宮沢 賢治,43752,どんぐりと山猫
1154,岸田 国士,44459,演劇雑誌
121,新美 南吉,45084,かぶと虫
121,新美 南吉,45109,輪まはし
154,田中 貢太郎,1622,老狐の怪
81,宮沢 賢治,1077,めくらぶどうと虹
416,伊藤 野枝,57130,編輯室より
1763,佐藤 春夫,58828,人さまざまの苦労の話
908,坂本 竜馬,51967,手紙
1471,今野 大力,55554,天の海
416,伊藤 野枝,57135,編輯室より
1154,岸田 国士,44871,「浅間山」の序に代へて
1154,岸田 国士,44436,「モンテーニュ随想録」（関根秀雄君訳）
26,中原 中也,55631,作家と孤独
154,田中 貢太郎,45554,簪につけた短冊
1475,小川 未明,51596,戦友
1154,岸田 国士,44409,新劇自活の道
1154,岸田 国士,44613,後日譚
908,坂本 竜馬,51789,手紙
1172,村山 籌子,44953,泣き虫の小ぐまさん
908,坂本 竜馬,51944,手紙
1154,岸田 国士,44396,新国劇の「屋上庭園」を観て
1310,高浜 虚子,58860,川端茅舎句集
1475,小川 未明,51495,青い草
1154,岸田 国士,44641,文学座の芸能祭参加について
272,谷 譲次,4364,踊る地平線
908,坂本 竜馬,51442,手紙
1166,中井 正一,43816,生きている空間
908,坂本 竜馬,51410,手紙
908,坂本 竜馬,51418,手紙
1179,土田 耕平,45129,八の字山
76,岡本 かの子,4541,異性に対する感覚を洗練せよ
311,宮本 百合子,16027,一日
908,坂本 竜馬,51940,手紙
416,伊藤 野枝,57002,書簡　大杉栄宛
416,伊藤 野枝,57129,編輯室より
154,田中 貢太郎,45595,築地の川獺
168,横光 利一,49993,作家の生活
1021,井上 円了,49271,妖怪研究
34,内村 鑑三,1216,寡婦の除夜
67,萩原 朔太郎,509,喫茶店にて
37,黒島 伝治,45444,四季とその折々
416,伊藤 野枝,56967,女絵師毒絵具を仰ぐ
1154,岸田 国士,44392,芸術と金銭
1154,岸田 国士,44452,文学界後記
1154,岸田 国士,44487,空襲ドラマ
1154,岸田 国士,44720,其日、其日の気持
678,富永 太郎,55492,無題
1166,中井 正一,49716,新しい神話を追い求めつつ
1154,岸田 国士,44704,隣組長として
1095,坂口 安吾,43155,碁にも名人戦つくれ
908,坂本 竜馬,51428,手紙
58,伊藤 左千夫,59061,草花日記
1749,三好 達治,58742,鴨　一
1154,岸田 国士,44474,伊賀山精三君に
1179,土田 耕平,45149,バッタ
1154,岸田 国士,44893,先づ脱却すべきは
214,田山 花袋,48719,神経家の言
1383,谷崎 潤一郎,49637,大切な雰囲気
1349,武田 祐吉,51727,古事記
25,有島 武郎,49937,農民文化といふこと
42,寺田 寅彦,43535,学問の自由
154,田中 貢太郎,45548,朝倉一五〇
129,森 鴎外,45271,夏目漱石論
1154,岸田 国士,44522,チロルの古城にて
908,坂本 竜馬,51422,手紙
908,坂本 竜馬,51494,手紙
214,田山 花袋,48723,人生のための芸術
null,紫式部 ,5026,源氏物語
1692,久保田 万太郎,56467,還暦反逆
908,坂本 竜馬,51782,手紙
1095,坂口 安吾,43159,深夜は睡るに限ること
1569,中谷 宇吉郎,57267,桂浜
1224,久生 十蘭,59479,蛙料理
1403,北大路 魯山人,50013,若鮎の塩焼き
1471,今野 大力,55542,寺院の右にて
1749,三好 達治,56787,棋家の文章など
1154,岸田 国士,44410,苦労人クウルトリイヌについて
1311,三好 十郎,50223,日記より
26,中原 中也,55710,詩壇への願ひ
168,横光 利一,60001,書翰
148,夏目 漱石,58278,水底の感
214,田山 花袋,48693,一国の首都
1471,今野 大力,55598,高峯の頌
214,田山 花袋,48721,充実した文章
1154,岸田 国士,44889,偶感一束
1749,三好 達治,58740,かいつぶり
311,宮本 百合子,16020,草の根元
154,田中 貢太郎,45560,母親に憑る霊
26,中原 中也,55932,家族
311,宮本 百合子,15979,親子一体の教育法
154,田中 貢太郎,45555,商売の繁昌する家
83,菊池 寛,1386,小説家たらんとする青年に与う
154,田中 貢太郎,45561,平山婆
35,太宰 治,52235,六月十九日
26,中原 中也,51308,秋の日曜
1475,小川 未明,51064,火を点ず
1471,今野 大力,55588,豚
1403,北大路 魯山人,49997,一癖あるどじょう
1475,小川 未明,50982,青い時計台
1475,小川 未明,51096,島の暮れ方の話
1779,江戸川 乱歩,58464,妻に失恋した男
1475,小川 未明,51000,ろうそくと貝がら
1154,岸田 国士,44597,新劇雑誌
19,アンデルセン ハンス・クリスチャン,58848,人魚の姫
1403,北大路 魯山人,49960,梅にうぐいす
1154,岸田 国士,44439,映画の観客と俳優
1154,岸田 国士,44431,編輯当番より
1048,アミーチス エドモンド・デ,45381,母を尋ねて三千里
1569,中谷 宇吉郎,57265,若き日の思い出
1568,妹尾 アキ夫,56031,「ザイルの三人」訳者あとがき
1475,小川 未明,51803,児童の解放擁護
1154,岸田 国士,43593,暖地の冬から山国の春へ
1154,岸田 国士,44446,山本有三氏作「真実一路」について
1311,三好 十郎,50222,「その人を知らず」について
906,豊島 与志雄,45065,市郎の店
1863,安西 冬衛,57433,大阪の朝
34,内村 鑑三,1217,ネルソン伝に序す
1345,川合 貞一,48851,ヴィルヘルム・ヴント
1172,村山 籌子,44976,三匹の小熊さん
1741,吉田 松陰,55748,吉田松陰より某へ
1917,福永 信,58173,グローバルタワーにて
1475,小川 未明,51005,赤いろうそくと人魚
1475,小川 未明,51060,天下一品
1742,石原 忍,55751,色盲検査表の話
1569,中谷 宇吉郎,56733,ウィネッカの冬
231,伊丹 万作,43869,映画の普及力とは
1569,中谷 宇吉郎,57312,防寒戸
329,楠山 正雄,43460,姨捨山
1475,小川 未明,51095,幸福のはさみ
1475,小川 未明,50997,黒い塔
1475,小川 未明,51554,雲と子守歌
355,上村 松園,49735,芸術三昧即信仰
1569,中谷 宇吉郎,57278,雪の化石２
154,田中 貢太郎,52269,飛行機に乗る怪しい紳士
1475,小川 未明,52073,空晴れて
1779,江戸川 乱歩,56674,宇宙怪人
307,松濤 明,43682,再び山へ
1395,和辻 哲郎,49914,露伴先生の思い出
1154,岸田 国士,44677,戦時下に於る文化運動の意義
1429,石原 純,58160,ジェームズ・ワット
1475,小川 未明,51598,台風の子
1166,中井 正一,43828,映画と季感
1934,柳原 白蓮,58413,私の思い出
1569,中谷 宇吉郎,57273,南極・北極・熱帯の雪
1263,服部 之総,50362,黒船来航
154,田中 貢太郎,45562,室の中を歩く石
1475,小川 未明,51075,ちょうと怒濤
1346,片山 広子,50152,茄子畑
26,中原 中也,55736,文学に関係のない文学者
1154,岸田 国士,44895,移転記録
214,田山 花袋,48854,くつは虫
1475,小川 未明,51582,少女と老兵士
1154,岸田 国士,44565,ファルスの近代性
26,中原 中也,55910,（女）
1154,岸田 国士,44639,新鮮な魅力
1154,岸田 国士,44567,アカデミイの書取
1475,小川 未明,52065,三月の空の下
1475,小川 未明,51798,金めだか
416,伊藤 野枝,57143,編輯だより
416,伊藤 野枝,57041,書簡　大杉栄宛
1693,山之口 貘,56667,貧乏を売る
989,三遊亭 円朝,50097,昔の大名の心意気
1095,坂口 安吾,43157,神経衰弱的野球美学論
1154,岸田 国士,44395,稽古雑感
1475,小川 未明,51035,木と鳥になった姉妹
1338,羽仁 もと子,48668,親子の愛の完成
42,寺田 寅彦,43536,雑感
1179,土田 耕平,45131,柿
1475,小川 未明,51030,灰色の姉と桃色の妹
1475,小川 未明,51022,宝石商
1475,小川 未明,51807,単純化は唯一の武器だ
1579,室生 犀星,55957,芥川の原稿
1154,岸田 国士,44445,演劇アカデミイの問題
1569,中谷 宇吉郎,57294,私のふるさと
1154,岸田 国士,44489,美しき日本語と対話
1154,岸田 国士,44404,新劇の危機
270,高村 光雲,1550,幕末維新懐古談
1179,土田 耕平,45143,雪に埋れた話
221,平林 初之輔,43607,頭と足
1154,岸田 国士,44462,久保田万太郎氏著「釣堀にて」
1154,岸田 国士,44372,或る批評
1357,北村 四海,49241,鬼無菊
1154,岸田 国士,44400,端役
1154,岸田 国士,44691,「演劇」巻頭言
26,中原 中也,55731,詩と詩人
26,中原 中也,55709,詩集　浚渫船
1154,岸田 国士,44627,雄弁について
416,伊藤 野枝,57131,編輯室より
1474,丘 浅次郎,57403,人類の生存競争
311,宮本 百合子,16006,砂丘
154,田中 貢太郎,4479,法衣
212,竹久 夢二,1559,ある眼
1403,北大路 魯山人,49971,車蝦の茶漬け
1475,小川 未明,51818,読んできかせる場合
1154,岸田 国士,44834,黙然として
678,富永 太郎,55498,四行詩
37,黒島 伝治,45449,戦争について
1154,岸田 国士,44379,用捨なき観客
31,葉山 嘉樹,1819,遺言文学
1353,岩村 透,49212,大叫喚
67,萩原 朔太郎,1767,装幀の意義
1403,北大路 魯山人,49981,小生のあけくれ
1154,岸田 国士,44435,岡田糓君の個展
1154,岸田 国士,44320,ふらんすの女
1154,岸田 国士,44509,通俗性・大衆性・普遍性
1154,岸田 国士,44647,レオポール三世の悲劇
1475,小川 未明,51084,ものぐさなきつね
26,中原 中也,55776,青年青木三造
1475,小川 未明,51672,船の破片に残る話
1154,岸田 国士,44547,俳優志望者メンタルテスト
1154,岸田 国士,43582,物言う術
1154,岸田 国士,44530,中野重治氏に答ふ
1154,岸田 国士,44326,学校劇　其の他
1154,岸田 国士,44416,「チロルの秋」以来
81,宮沢 賢治,1947,鳥箱先生とフウねずみ
26,中原 中也,50245,小詩論
81,宮沢 賢治,1925,どんぐりと山猫
908,坂本 竜馬,51853,手紙
165,内田 魯庵,1211,温情の裕かな夏目さん
1154,岸田 国士,44503,“にんじん”を観て
154,田中 貢太郎,45609,真紅な帆の帆前船
81,宮沢 賢治,4468,床屋
169,大杉 栄,56692,新秩序の創造
416,伊藤 野枝,57044,書簡　大杉栄宛
214,田山 花袋,48729,踏査
1154,岸田 国士,44543,戯曲時代去る
1154,岸田 国士,44337,新劇協会の舞台稽古
416,伊藤 野枝,57117,人間と云ふ意識
1154,岸田 国士,44329,公開状
1245,会津 八一,57978,少年少女におくる言葉
25,有島 武郎,1148,『聖書』の権威
150,薄田 泣菫,4896,無学なお月様
293,原 民喜,48486,夜
1749,三好 達治,58748,旅人
293,原 民喜,48465,出発
305,正岡 子規,50401,刺客蚊公之墓碑銘
1352,池田 輝方,49203,夜釣の怪
1581,正宗 白鳥,60172,弔辞（室生犀星）
1749,三好 達治,58754,扁舟
83,菊池 寛,1344,将棋
908,坂本 竜馬,51399,手紙
908,坂本 竜馬,51924,手紙
81,宮沢 賢治,50765,二人の役人
1154,岸田 国士,44393,「文壇波動調」欄記事
81,宮沢 賢治,4419,畑のへり
1569,中谷 宇吉郎,59578,郭公のおとずれ
355,上村 松園,49728,冷かされた桃割娘
1346,片山 広子,50154,花屋の窓
81,宮沢 賢治,1064,二人の役人
154,田中 貢太郎,4948,狢
1471,今野 大力,55553,故郷断想
1924,吉田 茂,58903,新憲法の解説
933,折口 信夫,12621,小説の予言者
1475,小川 未明,51055,星の子
1475,小川 未明,51082,塩を載せた船
121,新美 南吉,45107,苔人形
25,有島 武郎,49995,遠友夜学校校歌
26,中原 中也,51321,蝉
1475,小川 未明,51083,お姫さまと乞食の女
1395,和辻 哲郎,49876,『劉生画集及芸術観』について
1779,江戸川 乱歩,56677,海底の魔術師
1475,小川 未明,51059,おかしいまちがい
1779,江戸川 乱歩,56672,虎の牙
718,新渡戸 稲造,50897,民族優勢説の危険
1413,池田 亀鑑,57997,忘られぬお国言葉
154,田中 貢太郎,52284,追っかけて来る飛行機
1779,江戸川 乱歩,56676,灰色の巨人
311,宮本 百合子,16018,霜柱
311,宮本 百合子,15982,「風知草」創作メモ
1393,キャロル ルイス,55606,心を養う
1693,山之口 貘,58917,あとの祭り
1471,今野 大力,55547,学校
1154,岸田 国士,44580,作家山本人間有三
678,富永 太郎,55463,COLLOQUE MOQUEUR
25,有島 武郎,4994,燕と王子
1863,安西 冬衛,57436,水の上
1475,小川 未明,51045,おおかみと人
1166,中井 正一,43827,大衆の知恵
1475,小川 未明,51078,あほう鳥の鳴く日
1154,岸田 国士,44811,俳優と現代人の生活（対話Ⅴ）
1166,中井 正一,49709,国会図書館の窓から
26,中原 中也,55740,非文学的文士
1798,梅崎 春生,59871,腹のへった話
1175,槙本 楠郎,49068,兵隊さん
1475,小川 未明,51098,春になる前夜
1779,江戸川 乱歩,56673,怪奇四十面相
1670,野村 胡堂,56221,銭形平次捕物控
1393,キャロル ルイス,59966,亀がアキレスに言ったこと
2092,滝沢 敬一,59878,ブイヨン・ドンゾール
1395,和辻 哲郎,49911,面とペルソナ
1569,中谷 宇吉郎,57313,雪は資源である
1154,岸田 国士,44896,昭和十年度劇界への指針
1475,小川 未明,51641,波荒くとも
1395,和辻 哲郎,49915,アフリカの文化
1095,坂口 安吾,43147,哀れなトンマ先生
1569,中谷 宇吉郎,59192,抗議する義務
287,野呂 栄太郎,4452,平野義太郎宛書簡
1403,北大路 魯山人,49959,鰻の話
218,三木 清,50537,書物の倫理
2035,オーウェル ジョージ,59406,ファシズムとは何か
1154,岸田 国士,44676,「詩歌の午後」について
1471,今野 大力,55568,待っていた一つの風景
1763,佐藤 春夫,59312,わが心のなかの白鳥碑
42,寺田 寅彦,43278,映画雑感（Ⅴ）
293,原 民喜,48438,アトモス
1154,岸田 国士,44544,問屋種切れ
1395,和辻 哲郎,49883,巨椋池の蓮
1763,佐藤 春夫,58826,短篇小説は何故不振か
1166,中井 正一,43831,カットの文法
1475,小川 未明,51775,何を作品に求むべきか
1475,小川 未明,51077,幸福に暮らした二人
1471,今野 大力,55581,夕ぐれの明るさに憶う
1380,石川 欣一,57357,雪割草の花
179,黒岩 涙香,43540,探偵物語の処女作
1157,神西 清,50191,「はつ恋」解説
346,村岡 博,49187,茶の本
154,田中 貢太郎,45527,空中に消えた兵曹
1154,岸田 国士,44499,稽古のしかた
930,山本 禾太郎,49702,探偵小説思い出話
1154,岸田 国士,44556,中村・阪中二君のこと
1154,岸田 国士,44672,文化とはどういふことか
42,寺田 寅彦,43279,教育映画について
42,寺田 寅彦,43249,鸚鵡のイズム
1821,蔵原 伸二郎,56984,岸辺
311,宮本 百合子,15955,男…は疲れている
1154,岸田 国士,44484,コクトオの『声』その他を聴く
26,中原 中也,55629,菊岡久利著「貧時交」
154,田中 貢太郎,45543,寄席の没落
989,三遊亭 円朝,50100,行倒の商売
311,宮本 百合子,16008,ピッチの様に
287,野呂 栄太郎,4456,平野義太郎宛書簡
1095,坂口 安吾,43148,私の碁
329,楠山 正雄,18390,物のいわれ
156,小林 多喜二,51178,北海道の「俊寛」
1475,小川 未明,51814,貧乏線に終始して
416,伊藤 野枝,56969,寄贈雑誌
908,坂本 竜馬,51956,手紙
1346,片山 広子,49516,アラン島
1395,和辻 哲郎,49907,能面の様式
1095,坂口 安吾,43137,太宰治情死考
908,坂本 竜馬,51421,手紙
1403,北大路 魯山人,49958,いなせな縞の初鰹
1154,岸田 国士,44555,著作権の精神的擁護
1403,北大路 魯山人,51159,湯豆腐のやり方
1154,岸田 国士,44519,翻訳について
1166,中井 正一,43712,図書館に生きる道
32,植松 真人,434,神さんが降りてきた。
38,国木田 独歩,1057,春の鳥
1666,漢那 浪笛,1423,車室
1876,塚原 健二郎,57857,海からきた卵
1403,北大路 魯山人,49987,伝不習乎
1154,岸田 国士,44855,笑について
1346,片山 広子,50141,赤とピンクの世界
1095,坂口 安吾,43171,スポーツ・文学・政治
183,牧野 信一,45420,再婚
1154,岸田 国士,44491,新劇界の昨今
1346,片山 広子,49514,身についたもの
1475,小川 未明,51031,消えた美しい不思議なにじ
906,豊島 与志雄,45057,金の猫の鬼
42,寺田 寅彦,43285,二科狂想行進曲
1310,高浜 虚子,50274,百日紅
1927,野上 彰,58932,本因坊秀哉
416,伊藤 野枝,57039,書簡　大杉栄宛
879,芥川 竜之介,160,出帆
1154,岸田 国士,44418,悩みと死の微笑
26,中原 中也,55784,私の事
293,原 民喜,48468,地獄の門
1879,大隈 重信,58114,文明史の教訓
106,北原 白秋,55611,「白秋詩集」第一巻解題
26,中原 中也,55774,三等車の中（スケッチ）
26,中原 中也,50256,河上に呈する詩論
154,田中 貢太郎,1616,北斗と南斗星
270,高村 光雲,1548,幕末維新懐古談
258,小泉 八雲,59427,死霊
1179,土田 耕平,45134,のぞき眼鏡
1475,小川 未明,51066,赤い姫と黒い皇子
1095,坂口 安吾,43142,切捨御免
37,黒島 伝治,45448,選挙漫談
154,田中 貢太郎,4947,雪女
1154,岸田 国士,44419,「チロルの秋」上演当時の思ひ出
1154,岸田 国士,44513,危機を救ふもの
1395,和辻 哲郎,52124,寺田寅彦
1154,岸田 国士,44412,走るノート
1095,坂口 安吾,43197,我が人生観
258,小泉 八雲,59432,幽霊滝の伝説
1154,岸田 国士,44655,新文化建設の方向
809,宮原 晃一郎,45162,鳩の鳴く時計
1475,小川 未明,51781,正に芸術の試煉期
329,楠山 正雄,18342,鵺
1471,今野 大力,55572,羅漢寺
121,新美 南吉,45111,仔牛
1179,土田 耕平,45137,峠
1095,坂口 安吾,43188,温浴
81,宮沢 賢治,1918,カイロ団長
908,坂本 竜馬,51786,手紙
81,宮沢 賢治,43734,『注文の多い料理店』新刊案内
1154,岸田 国士,44890,「温室の前」の人物について
107,鈴木 三重吉,1529,黄金鳥
42,寺田 寅彦,43253,石油ランプ
82,岡本 綺堂,49541,当今の劇壇をこのままに
1095,坂口 安吾,56818,文字と速力と文学
129,森 鴎外,45272,Resignation の説
76,岡本 かの子,4551,家庭愛増進術
908,坂本 竜馬,51958,手紙
1726,長谷川 伸,55836,身の上や
1346,片山 広子,49519,ミケル祭の聖者
1154,岸田 国士,44472,築地座の『旧友』
1497,吉井 勇,51235,逢状
1154,岸田 国士,44316,言葉言葉言葉
879,芥川 竜之介,168,虎の話
678,富永 太郎,55469,横臥合掌
1095,坂口 安吾,56817,武者ぶるい論
81,宮沢 賢治,4467,電車
1403,北大路 魯山人,49953,鮎の食い方
678,富永 太郎,55474,頌歌
1154,岸田 国士,44502,ラヂオ・ドラマ選者の言葉
1906,河井 寛次郎,58098,社日桜
null,紫式部 ,5042,源氏物語
989,三遊亭 円朝,50083,狂言の買冠
1749,三好 達治,58608,三色旗
906,豊島 与志雄,45059,木曽の一平
1346,片山 広子,50158,林檎のうた
1172,村山 籌子,44965,こほろぎの死
1471,今野 大力,55530,伊豆の伊東へ
879,芥川 竜之介,43382,滝田哲太郎君
311,宮本 百合子,16025,曇天
65,九鬼 周造,4403,小唄のレコード
1095,坂口 安吾,43141,志賀直哉に文学の問題はない
1471,今野 大力,55601,星座
26,中原 中也,55779,夏の夜の話
908,坂本 竜馬,51953,手紙
307,松濤 明,1906,山想う心
1692,久保田 万太郎,56661,十年……
1186,宍戸 儀一,50479,フランケンシュタイン
89,北 一輝,517,子に与ふ
1475,小川 未明,51771,忘れられたる感情
154,田中 貢太郎,45550,位牌と鼠
1154,岸田 国士,44346,自問自答
416,伊藤 野枝,56999,書簡　大杉栄宛
293,原 民喜,48467,白い呼吸
1154,岸田 国士,44566,偉大なる近代劇場人
1154,岸田 国士,44401,或る日の動物園
1801,山川 方夫,59448,歪んだ窓
1938,新村 出,58500,『言林』跋
1749,三好 達治,58744,鴨　三
1095,坂口 安吾,43149,「刺青殺人事件」を評す
26,中原 中也,51350,（七銭でバットを買つて）
154,田中 貢太郎,45600,通魔
416,伊藤 野枝,57005,書簡　大杉栄宛
154,田中 貢太郎,45537,母の変死
293,原 民喜,48495,鳩
1863,安西 冬衛,57434,堺水族館の歌
1763,佐藤 春夫,59396,朔太郎の思ひ出
1154,岸田 国士,44877,「博物誌」の序に代へて
1931,岡田 武松,59112,北越雪譜
1154,岸田 国士,44671,勤労と文化
1346,片山 広子,49504,池を掘る
678,富永 太郎,55477,熱情的なフーガ
81,宮沢 賢治,1085,おきなぐさ
307,松濤 明,45385,一ノ倉沢南稜
1346,片山 広子,49508,地山謙
1179,土田 耕平,45138,お母さんの思ひ出
26,中原 中也,55737,我邦感傷主義寸感
1749,三好 達治,58607,立秋
1245,会津 八一,57976,学規
168,横光 利一,59892,書翰
81,宮沢 賢治,43756,月夜のでんしんばしら
908,坂本 竜馬,51397,手紙
121,新美 南吉,632,狐
26,中原 中也,51330,別離
154,田中 貢太郎,45563,堀切橋の怪異
81,宮沢 賢治,4441,よく利く薬とえらい薬
1351,池田 蕉園,49202,「ああしんど」
1154,岸田 国士,44623,女性の力
1569,中谷 宇吉郎,57276,母性愛の蟹
1154,岸田 国士,44748,横光君といふ人
1569,中谷 宇吉郎,57285,国際雪氷委員会のことなど
1403,北大路 魯山人,49988,鍋料理の話
416,伊藤 野枝,4885,「別居」について
160,海野 十三,43762,成層圏飛行と私のメモ
1826,森下 雨村,57173,三十六年前
1475,小川 未明,51563,心の芽
1779,江戸川 乱歩,56680,サーカスの怪人
2010,スミス コードウェイナー,59177,親友たち
287,野呂 栄太郎,4411,岩波茂雄宛書簡
1388,新島 襄,49691,将来の日本
160,海野 十三,1227,三十年後の東京
1429,石原 純,58047,ヘルムホルツ
1154,岸田 国士,44817,選後に
1154,岸田 国士,44751,Ｓ夫人への手紙［別稿］
1569,中谷 宇吉郎,57263,塩の風趣
1395,和辻 哲郎,49894,人物埴輪の眼
231,伊丹 万作,50251,広告
726,長谷川 時雨,4353,旧聞日本橋
879,芥川 竜之介,56820,仏蘭西文学と僕
1154,岸田 国士,44341,横槍一本
1154,岸田 国士,44526,「思はざる収穫」について
1788,十返 肇,56567,日本推理小説の曲り角
1471,今野 大力,55526,軍服を着た百姓源造の除隊
1699,ラヴクラフト ハワード・フィリップス,56839,ニャルラトホテプ
183,牧野 信一,45297,ビルヂングと月
1763,佐藤 春夫,58592,小泉八雲に就てのノート
355,上村 松園,49742,大田垣蓮月尼のこと
1763,佐藤 春夫,58822,針金細工の詩
1475,小川 未明,51806,自由なる空想
1569,中谷 宇吉郎,57281,「もく星」号の謎
1277,ガンジー マハトマ,58703,日本の全ての方々へ
1429,石原 純,58022,ラヴォアジエ
168,横光 利一,56937,我等と日本
1968,時枝 誠記,58880,国語学と国語教育
1095,坂口 安吾,43151,西荻随筆
1474,丘 浅次郎,57421,生物学的の見方
416,伊藤 野枝,56234,寄贈書籍紹介
1346,片山 広子,50159,イエスとペテロ
1346,片山 広子,50147,菊池さんのおもひで
1475,小川 未明,51632,どこかに生きながら
1429,石原 純,58023,ロバート・ボイル
1166,中井 正一,43723,「焚書時代」の出現